Betterave,Ble
Betterave,Salade
Betterave,Poireau
Betterave,Mais
Betterave,Soja
Ble,Chou
Ble,Betterave
Ble,Oignon
Ble,Poireau
Ble,Epinard
Ble,Mais
Ble,Colza
Ble,Salade
Chou,Mais
Chou,Ble
Chou,Poireau
Chou,Pomme de terre
Chou,Epinard
Chou,Oignon
Chou,Chou
Mais,Poireau
Mais,Chou
Mais,Epinard
Mais,Mais
Mais,Ble
Mais,Pomme de terre
Mais,Tournesol
Poireau,Mais
Poireau,Ble
Poireau,Betterave
Epinard,Epinard
Epinard,Salade
Epinard,Mais
Epinard,Ble
Salade,Salade
Salade,Ble
Salade,Betterave
Salade,Epinard
Salade,Mais
Salade,Chou
Oignon,Mais
Oignon,Ble
