<?xml version="1.0" encoding="UTF-8"?>
<feature
      id="ummisco.gama.feature.modeling.ui"
      label="UI Components for designing models in  GAMA"
      version="1.7.0.201908010658"
      provider-name="UMMISCO">

   <description url="http://gama-platform.org">
      The UI Components for designing models in  GAMA
   </description>

   <copyright url="http://www.example.com/copyright">
      [Enter Copyright Description here.]
   </copyright>

   <license url="http://www.example.com/license">
      [Enter License Description here.]
   </license>

   <url>
      <update label="Gama 1.7.x Update Site" url="http://updates.gama-platform.org"/>
   </url>

   <requires>
      <import feature="ummisco.gama.feature.core.ui" version="1.7.0.qualifier"/>
   </requires>

   <plugin
         id="ummisco.gama.ui.modeling"
         download-size="579"
         install-size="1714"
         version="1.7.0.201908010650"
         unpack="false"/>

   <plugin
         id="ummisco.gama.ui.navigator"
         download-size="244"
         install-size="491"
         version="1.7.0.201908010650"
         unpack="false"/>

   <plugin
         id="ummisco.gama.ui.viewers"
         download-size="127"
         install-size="236"
         version="1.7.0.201908010657"
         unpack="false"/>

</feature>
