<?xml version="1.0" encoding="UTF-8"?>
<feature
      id="ummisco.gama.feature.core"
      label="Core plugins of GAMA"
      version="1.7.0.201908010656"
      provider-name="UMMISCO">

   <description url="http://gama-platform.org">
      The core of the GAMA Modeling and Simulation Platform
   </description>

   <copyright url="http://www.example.com/copyright">
      [Enter Copyright Description here.]
   </copyright>

   <license url="http://www.example.com/license">
      [Enter License Description here.]
   </license>

   <url>
      <update label="Gama 1.7.x Update Site" url="http://updates.gama-platform.org"/>
   </url>

   <plugin
         id="msi.gama.core"
         download-size="2157"
         install-size="4874"
         version="1.7.0.201908010654"/>

   <plugin
         id="msi.gama.headless"
         download-size="106"
         install-size="188"
         version="1.7.0.201908010655"
         unpack="false"/>

   <plugin
         id="msi.gama.lang.gaml"
         download-size="616"
         install-size="1563"
         version="1.7.0.201908010650"
         unpack="false"/>

   <plugin
         id="ummisco.gama.annotations"
         download-size="75"
         install-size="135"
         version="1.7.0.201908010650"
         unpack="false"/>

   <plugin
         id="msi.gama.processor"
         download-size="102"
         install-size="218"
         version="1.4.0.201908010650"
         unpack="false"/>

   <plugin
         id="ummisco.gaml.extensions.stats"
         download-size="501"
         install-size="611"
         version="1.7.0.201908010650"
         unpack="false"/>

</feature>
