<?xml version="1.0" encoding="UTF-8" standalone="no"?>
<Experiment_plan>
	<Simulation id="2" sourcePath="./predatorPrey/predatorPrey.gaml" finalStep="200" until="length(predator) = 1"  experiment="prey_predatorExp">
	  <Parameters>
	    <Parameter name="Nb predators: " type="INT" value="2" />
	    <Parameter var="nb_preys_init" type="INT" value="3" />
	  </Parameters>
	  <Outputs>
	    <Output id="1" name="main_display" framerate="5" />
	    <Output id="2" name="Number of preys" framerate="1" />
	    <Output id="3" name="Number of predators" framerate="1" />
	  </Outputs>
	</Simulation>
</Experiment_plan>