<?xml version='1.0' encoding='UTF-8'?>
<?artifactRepository version='1.1.0'?>
<repository name='Bundle pool' type='org.eclipse.equinox.p2.artifact.repository.simpleRepository' version='1'>
  <properties size='2'>
    <property name='p2.system' value='true'/>
    <property name='p2.timestamp' value='1564642767619'/>
  </properties>
  <mappings size='3'>
    <rule filter='(&amp; (classifier=osgi.bundle))' output='${repoUrl}/plugins/${id}_${version}.jar'/>
    <rule filter='(&amp; (classifier=binary))' output='${repoUrl}/binary/${id}_${version}'/>
    <rule filter='(&amp; (classifier=org.eclipse.update.feature))' output='${repoUrl}/features/${id}_${version}.jar'/>
  </mappings>
  <artifacts size='231'>
    <artifact classifier='osgi.bundle' id='javax.annotation' version='1.2.0.v201602091430'>
      <properties size='1'>
        <property name='download.size' value='29148'/>
      </properties>
    </artifact>
    <artifact classifier='osgi.bundle' id='org.eclipse.equinox.event' version='1.5.0.v20181008-1938'>
      <properties size='1'>
        <property name='download.size' value='35553'/>
      </properties>
    </artifact>
    <artifact classifier='osgi.bundle' id='org.eclipse.core.filebuffers' version='3.6.500.v20190218-1547'>
      <properties size='1'>
        <property name='download.size' value='119384'/>
      </properties>
    </artifact>
    <artifact classifier='osgi.bundle' id='org.eclipse.equinox.p2.garbagecollector' version='1.1.100.v20180822-1302'>
      <properties size='1'>
        <property name='download.size' value='25665'/>
      </properties>
    </artifact>
    <artifact classifier='org.eclipse.update.feature' id='ummisco.gama.feature.core.ui' version='1.7.0.201908010650'>
      <properties size='1'>
        <property name='download.size' value='866'/>
      </properties>
      <repositoryProperties size='1'>
        <property name='artifact.folder' value='true'/>
      </repositoryProperties>
    </artifact>
    <artifact classifier='osgi.bundle' id='org.eclipse.osgi' version='3.13.300.v20190218-1622'>
      <properties size='1'>
        <property name='download.size' value='1448385'/>
      </properties>
    </artifact>
    <artifact classifier='osgi.bundle' id='org.eclipse.ui.navigator.resources' version='3.6.400.v20190222-1251'>
      <properties size='1'>
        <property name='download.size' value='170255'/>
      </properties>
    </artifact>
    <artifact classifier='osgi.bundle' id='org.eclipse.core.databinding' version='1.7.200.v20190216-1545'>
      <properties size='1'>
        <property name='download.size' value='188247'/>
      </properties>
    </artifact>
    <artifact classifier='osgi.bundle' id='org.eclipse.xtend.lib.macro' version='2.17.0.v20190304-0518'>
      <properties size='1'>
        <property name='download.size' value='75350'/>
      </properties>
    </artifact>
    <artifact classifier='osgi.bundle' id='org.eclipse.team.ui' version='3.8.400.v20190216-2155'>
      <properties size='1'>
        <property name='download.size' value='1463004'/>
      </properties>
    </artifact>
    <artifact classifier='org.eclipse.update.feature' id='ummisco.gama.feature.models' version='1.7.0.201908010650'>
      <properties size='1'>
        <property name='download.size' value='849'/>
      </properties>
      <repositoryProperties size='1'>
        <property name='artifact.folder' value='true'/>
      </repositoryProperties>
    </artifact>
    <artifact classifier='osgi.bundle' id='org.apache.batik.i18n' version='1.10.0.v20180703-1553'>
      <properties size='1'>
        <property name='download.size' value='24036'/>
      </properties>
    </artifact>
    <artifact classifier='org.eclipse.update.feature' id='org.eclipse.emf.ecore' version='2.17.0.v20190116-0940'>
      <properties size='1'>
        <property name='download.size' value='19590'/>
      </properties>
      <repositoryProperties size='1'>
        <property name='artifact.folder' value='true'/>
      </repositoryProperties>
    </artifact>
    <artifact classifier='osgi.bundle' id='org.sat4j.core' version='2.3.5.v201308161310'>
      <properties size='1'>
        <property name='download.size' value='362968'/>
      </properties>
    </artifact>
    <artifact classifier='osgi.bundle' id='org.eclipse.core.databinding.beans' version='1.4.400.v20190131-1604'>
      <properties size='1'>
        <property name='download.size' value='79473'/>
      </properties>
    </artifact>
    <artifact classifier='osgi.bundle' id='ummisco.gama.serialize' version='1.7.0.201908010650'>
      <properties size='1'>
        <property name='download.size' value='598099'/>
      </properties>
    </artifact>
    <artifact classifier='osgi.bundle' id='org.eclipse.ecf.filetransfer' version='5.0.100.v20180301-0132'>
      <properties size='1'>
        <property name='download.size' value='53281'/>
      </properties>
    </artifact>
    <artifact classifier='osgi.bundle' id='org.eclipse.core.databinding.property' version='1.6.400.v20190215-1957'>
      <properties size='1'>
        <property name='download.size' value='165317'/>
      </properties>
    </artifact>
    <artifact classifier='osgi.bundle' id='org.hamcrest.core' version='1.3.0.v20180420-1519'>
      <properties size='1'>
        <property name='download.size' value='66997'/>
      </properties>
    </artifact>
    <artifact classifier='osgi.bundle' id='org.eclipse.equinox.p2.operations' version='2.5.300.v20190202-1801'>
      <properties size='1'>
        <property name='download.size' value='75963'/>
      </properties>
    </artifact>
    <artifact classifier='osgi.bundle' id='msi.gaml.architecture.simplebdi' version='1.7.0.201908010650'>
      <properties size='1'>
        <property name='download.size' value='222980'/>
      </properties>
    </artifact>
    <artifact classifier='osgi.bundle' id='org.eclipse.equinox.p2.director.app' version='1.1.200.v20180822-1302'>
      <properties size='1'>
        <property name='download.size' value='57612'/>
      </properties>
    </artifact>
    <artifact classifier='osgi.bundle' id='org.eclipse.equinox.p2.touchpoint.natives' version='1.3.200.v20180921-1019'>
      <properties size='1'>
        <property name='download.size' value='79269'/>
      </properties>
    </artifact>
    <artifact classifier='osgi.bundle' id='org.eclipse.ui.ide.application' version='1.3.200.v20190212-2214'>
      <properties size='1'>
        <property name='download.size' value='105875'/>
      </properties>
    </artifact>
    <artifact classifier='osgi.bundle' id='simtools.gaml.extensions.physics' version='1.7.0.201908010650'>
      <properties size='1'>
        <property name='download.size' value='596717'/>
      </properties>
    </artifact>
    <artifact classifier='org.eclipse.update.feature' id='org.eclipse.ecf.core.ssl.feature' version='1.1.100.v20180301-0201'>
      <properties size='1'>
        <property name='download.size' value='19138'/>
      </properties>
      <repositoryProperties size='1'>
        <property name='artifact.folder' value='true'/>
      </repositoryProperties>
    </artifact>
    <artifact classifier='osgi.bundle' id='org.eclipse.swt.win32.win32.x86_64' version='3.110.0.v20190305-0602'>
      <properties size='1'>
        <property name='download.size' value='2445585'/>
      </properties>
    </artifact>
    <artifact classifier='org.eclipse.update.feature' id='ummisco.gama.feature.experiment.ui' version='1.7.0.201908010657'>
      <properties size='1'>
        <property name='download.size' value='935'/>
      </properties>
      <repositoryProperties size='1'>
        <property name='artifact.folder' value='true'/>
      </repositoryProperties>
    </artifact>
    <artifact classifier='osgi.bundle' id='org.eclipse.e4.ui.widgets' version='1.2.300.v20180920-1522'>
      <properties size='1'>
        <property name='download.size' value='13471'/>
      </properties>
    </artifact>
    <artifact classifier='osgi.bundle' id='org.eclipse.ui.editors' version='3.11.400.v20190218-1547'>
      <properties size='1'>
        <property name='download.size' value='613509'/>
      </properties>
    </artifact>
    <artifact classifier='osgi.bundle' id='org.eclipse.equinox.p2.ui.sdk.scheduler' version='1.4.200.v20181102-0649'>
      <properties size='1'>
        <property name='download.size' value='103239'/>
      </properties>
    </artifact>
    <artifact classifier='org.eclipse.update.feature' id='org.eclipse.e4.rcp' version='1.6.400.v20190305-0602'>
      <properties size='1'>
        <property name='download.size' value='21313'/>
      </properties>
      <repositoryProperties size='1'>
        <property name='artifact.folder' value='true'/>
      </repositoryProperties>
    </artifact>
    <artifact classifier='osgi.bundle' id='org.eclipse.jface' version='3.15.100.v20190222-1334'>
      <properties size='1'>
        <property name='download.size' value='1103081'/>
      </properties>
    </artifact>
    <artifact classifier='osgi.bundle' id='org.eclipse.equinox.p2.jarprocessor' version='1.1.200.v20180921-1009'>
      <properties size='1'>
        <property name='download.size' value='73535'/>
      </properties>
    </artifact>
    <artifact classifier='osgi.bundle' id='org.eclipse.equinox.simpleconfigurator.manipulator' version='2.1.200.v20181123-1405'>
      <properties size='1'>
        <property name='download.size' value='26672'/>
      </properties>
    </artifact>
    <artifact classifier='osgi.bundle' id='org.eclipse.ui.views.properties.tabbed' version='3.8.400.v20190215-1230'>
      <properties size='1'>
        <property name='download.size' value='110255'/>
      </properties>
    </artifact>
    <artifact classifier='osgi.bundle' id='org.apache.commons.io' version='2.6.0.v20190123-2029'>
      <properties size='1'>
        <property name='download.size' value='232616'/>
      </properties>
    </artifact>
    <artifact classifier='org.eclipse.update.feature' id='org.eclipse.equinox.p2.extras.feature' version='1.4.300.v20190218-2100'>
      <properties size='1'>
        <property name='download.size' value='19584'/>
      </properties>
      <repositoryProperties size='1'>
        <property name='artifact.folder' value='true'/>
      </repositoryProperties>
    </artifact>
    <artifact classifier='osgi.bundle' id='org.eclipse.equinox.p2.updatechecker' version='1.2.100.v20180827-1122'>
      <properties size='1'>
        <property name='download.size' value='18604'/>
      </properties>
    </artifact>
    <artifact classifier='osgi.bundle' id='org.eclipse.core.commands' version='3.9.300.v20190215-1957'>
      <properties size='1'>
        <property name='download.size' value='116970'/>
      </properties>
    </artifact>
    <artifact classifier='osgi.bundle' id='org.eclipse.e4.core.contexts' version='1.8.0.v20190214-1713'>
      <properties size='1'>
        <property name='download.size' value='48555'/>
      </properties>
    </artifact>
    <artifact classifier='osgi.bundle' id='simtools.gaml.extensions.traffic' version='1.7.0.201908010650'>
      <properties size='1'>
        <property name='download.size' value='457254'/>
      </properties>
    </artifact>
    <artifact classifier='osgi.bundle' id='org.eclipse.core.filesystem' version='1.7.300.v20190218-2054'>
      <properties size='1'>
        <property name='download.size' value='66902'/>
      </properties>
    </artifact>
    <artifact classifier='org.eclipse.update.feature' id='org.eclipse.ecf.core.feature' version='1.5.3.v20181012-2020'>
      <properties size='1'>
        <property name='download.size' value='19178'/>
      </properties>
      <repositoryProperties size='1'>
        <property name='artifact.folder' value='true'/>
      </repositoryProperties>
    </artifact>
    <artifact classifier='osgi.bundle' id='org.tukaani.xz' version='1.8.0.v20180207-1613'>
      <properties size='1'>
        <property name='download.size' value='128232'/>
      </properties>
    </artifact>
    <artifact classifier='osgi.bundle' id='org.eclipse.emf.edit' version='2.14.0.v20180823-0456'>
      <properties size='1'>
        <property name='download.size' value='302191'/>
      </properties>
    </artifact>
    <artifact classifier='osgi.bundle' id='org.junit' version='4.12.0.v201504281640'>
      <properties size='1'>
        <property name='download.size' value='291025'/>
      </properties>
      <repositoryProperties size='1'>
        <property name='artifact.folder' value='true'/>
      </repositoryProperties>
    </artifact>
    <artifact classifier='osgi.bundle' id='org.eclipse.e4.ui.model.workbench' version='2.1.300.v20190213-1544'>
      <properties size='1'>
        <property name='download.size' value='395414'/>
      </properties>
    </artifact>
    <artifact classifier='osgi.bundle' id='org.eclipse.equinox.p2.publisher' version='1.5.100.v20180822-1302'>
      <properties size='1'>
        <property name='download.size' value='99848'/>
      </properties>
    </artifact>
    <artifact classifier='osgi.bundle' id='org.eclipse.ui.navigator' version='3.7.400.v20190218-2049'>
      <properties size='1'>
        <property name='download.size' value='440578'/>
      </properties>
    </artifact>
    <artifact classifier='osgi.bundle' id='org.eclipse.core.resources' version='3.13.300.v20190218-2054'>
      <properties size='1'>
        <property name='download.size' value='894381'/>
      </properties>
    </artifact>
    <artifact classifier='osgi.bundle' id='org.eclipse.search' version='3.11.500.v20190218-2126'>
      <properties size='1'>
        <property name='download.size' value='554766'/>
      </properties>
    </artifact>
    <artifact classifier='osgi.bundle' id='org.apache.commons.compress' version='1.18.0.v20181121-2221'>
      <properties size='1'>
        <property name='download.size' value='625075'/>
      </properties>
    </artifact>
    <artifact classifier='osgi.bundle' id='ummisco.gama.network' version='1.7.0.201908010650'>
      <properties size='1'>
        <property name='download.size' value='227169'/>
      </properties>
    </artifact>
    <artifact classifier='osgi.bundle' id='org.eclipse.equinox.frameworkadmin.equinox' version='1.1.100.v20180822-1258'>
      <properties size='1'>
        <property name='download.size' value='67578'/>
      </properties>
    </artifact>
    <artifact classifier='osgi.bundle' id='org.eclipse.equinox.preferences' version='3.7.300.v20190218-2100'>
      <properties size='1'>
        <property name='download.size' value='133505'/>
      </properties>
    </artifact>
    <artifact classifier='osgi.bundle' id='org.eclipse.team.core' version='3.8.500.v20190216-2155'>
      <properties size='1'>
        <property name='download.size' value='408833'/>
      </properties>
    </artifact>
    <artifact classifier='osgi.bundle' id='org.eclipse.core.variables' version='3.4.400.v20190214-1545'>
      <properties size='1'>
        <property name='download.size' value='36073'/>
      </properties>
    </artifact>
    <artifact classifier='osgi.bundle' id='org.apache.xmlgraphics' version='2.2.0.v20180809-1640'>
      <properties size='1'>
        <property name='download.size' value='696370'/>
      </properties>
    </artifact>
    <artifact classifier='osgi.bundle' id='org.w3c.dom.events' version='3.0.0.draft20060413_v201105210656'>
      <properties size='1'>
        <property name='download.size' value='18205'/>
      </properties>
    </artifact>
    <artifact classifier='osgi.bundle' id='org.apache.commons.cli' version='1.2.0.v201404270220'>
      <properties size='1'>
        <property name='download.size' value='48957'/>
      </properties>
    </artifact>
    <artifact classifier='osgi.bundle' id='org.apache.commons.lang' version='2.6.0.v201404270220'>
      <properties size='1'>
        <property name='download.size' value='298623'/>
      </properties>
    </artifact>
    <artifact classifier='osgi.bundle' id='org.eclipse.equinox.security.win32.x86_64' version='1.1.100.v20180827-1235'>
      <properties size='1'>
        <property name='download.size' value='35979'/>
      </properties>
    </artifact>
    <artifact classifier='osgi.bundle' id='org.eclipse.xtext.builder' version='2.17.0.v20190304-1216'>
      <properties size='1'>
        <property name='download.size' value='383714'/>
      </properties>
    </artifact>
    <artifact classifier='osgi.bundle' id='org.eclipse.emf.edit.ui' version='2.16.0.v20181104-0733'>
      <properties size='1'>
        <property name='download.size' value='349938'/>
      </properties>
    </artifact>
    <artifact classifier='osgi.bundle' id='org.eclipse.equinox.p2.touchpoint.eclipse' version='2.2.300.v20190215-2242'>
      <properties size='1'>
        <property name='download.size' value='131731'/>
      </properties>
    </artifact>
    <artifact classifier='osgi.bundle' id='org.eclipse.ecf' version='3.9.3.v20181012-2016'>
      <properties size='1'>
        <property name='download.size' value='124304'/>
      </properties>
    </artifact>
    <artifact classifier='osgi.bundle' id='org.eclipse.ltk.core.refactoring' version='3.10.0.v20190216-1303'>
      <properties size='1'>
        <property name='download.size' value='358166'/>
      </properties>
    </artifact>
    <artifact classifier='osgi.bundle' id='msi.gama.headless' version='1.7.0.201908010655'>
      <properties size='1'>
        <property name='download.size' value='108770'/>
      </properties>
    </artifact>
    <artifact classifier='org.eclipse.update.feature' id='org.eclipse.rcp' version='4.11.0.v20190307-0500'>
      <properties size='1'>
        <property name='download.size' value='19570'/>
      </properties>
      <repositoryProperties size='1'>
        <property name='artifact.folder' value='true'/>
      </repositoryProperties>
    </artifact>
    <artifact classifier='osgi.bundle' id='org.eclipse.ui.forms' version='3.7.500.v20190216-1545'>
      <properties size='1'>
        <property name='download.size' value='326961'/>
      </properties>
    </artifact>
    <artifact classifier='osgi.bundle' id='org.eclipse.equinox.p2.transport.ecf' version='1.2.100.v20180822-1354'>
      <properties size='1'>
        <property name='download.size' value='44271'/>
      </properties>
    </artifact>
    <artifact classifier='osgi.bundle' id='org.eclipse.equinox.p2.engine' version='2.6.200.v20190215-2242'>
      <properties size='1'>
        <property name='download.size' value='215004'/>
      </properties>
    </artifact>
    <artifact classifier='osgi.bundle' id='org.eclipse.xtext.logging' version='1.2.15.v20190304-1216'>
      <properties size='1'>
        <property name='download.size' value='12529'/>
      </properties>
    </artifact>
    <artifact classifier='org.eclipse.update.feature' id='org.eclipse.equinox.p2.rcp.feature' version='1.4.300.v20190220-1158'>
      <properties size='1'>
        <property name='download.size' value='19506'/>
      </properties>
      <repositoryProperties size='1'>
        <property name='artifact.folder' value='true'/>
      </repositoryProperties>
    </artifact>
    <artifact classifier='osgi.bundle' id='org.eclipse.xtext.activities' version='2.17.0.v20190304-1216'>
      <properties size='1'>
        <property name='download.size' value='10598'/>
      </properties>
    </artifact>
    <artifact classifier='osgi.bundle' id='org.eclipse.equinox.p2.ui.importexport' version='1.2.100.v20180827-1122'>
      <properties size='1'>
        <property name='download.size' value='127421'/>
      </properties>
    </artifact>
    <artifact classifier='osgi.bundle' id='org.eclipse.e4.core.services' version='2.1.400.v20181215-2145'>
      <properties size='1'>
        <property name='download.size' value='57073'/>
      </properties>
    </artifact>
    <artifact classifier='osgi.bundle' id='org.eclipse.jface.databinding' version='1.8.500.v20190218-2049'>
      <properties size='1'>
        <property name='download.size' value='279141'/>
      </properties>
    </artifact>
    <artifact classifier='osgi.bundle' id='org.eclipse.ecf.provider.filetransfer.httpclient4.ssl' version='1.1.100.v20180301-0132'>
      <properties size='1'>
        <property name='download.size' value='14231'/>
      </properties>
    </artifact>
    <artifact classifier='osgi.bundle' id='org.eclipse.update.configurator' version='3.4.200.v20190218-1148'>
      <properties size='1'>
        <property name='download.size' value='97029'/>
      </properties>
    </artifact>
    <artifact classifier='osgi.bundle' id='org.apache.httpcomponents.httpcore' version='4.4.9.v20180409-1525'>
      <properties size='1'>
        <property name='download.size' value='356275'/>
      </properties>
    </artifact>
    <artifact classifier='osgi.bundle' id='org.apache.httpcomponents.httpclient' version='4.5.5.v20180409-1525'>
      <properties size='1'>
        <property name='download.size' value='1029202'/>
      </properties>
    </artifact>
    <artifact classifier='osgi.bundle' id='org.eclipse.equinox.ds' version='1.6.0.v20190122-0806'>
      <properties size='1'>
        <property name='download.size' value='29235'/>
      </properties>
    </artifact>
    <artifact classifier='osgi.bundle' id='org.eclipse.equinox.concurrent' version='1.1.200.v20180827-1235'>
      <properties size='1'>
        <property name='download.size' value='26583'/>
      </properties>
    </artifact>
    <artifact classifier='osgi.bundle' id='org.eclipse.equinox.registry' version='3.8.300.v20190218-2100'>
      <properties size='1'>
        <property name='download.size' value='196574'/>
      </properties>
    </artifact>
    <artifact classifier='osgi.bundle' id='org.eclipse.osgi.services' version='3.8.0.v20190206-2147'>
      <properties size='1'>
        <property name='download.size' value='128680'/>
      </properties>
    </artifact>
    <artifact classifier='osgi.bundle' id='org.eclipse.xtext.ui.codetemplates.ide' version='2.17.0.v20190304-1216'>
      <properties size='1'>
        <property name='download.size' value='134593'/>
      </properties>
    </artifact>
    <artifact classifier='osgi.bundle' id='org.eclipse.xtext.xbase.lib' version='2.17.0.v20190304-0518'>
      <properties size='1'>
        <property name='download.size' value='159405'/>
      </properties>
    </artifact>
    <artifact classifier='osgi.bundle' id='ummisco.gama.annotations' version='1.7.0.201908010650'>
      <properties size='1'>
        <property name='download.size' value='77098'/>
      </properties>
    </artifact>
    <artifact classifier='osgi.bundle' id='javax.inject' version='1.0.0.v20091030'>
      <properties size='1'>
        <property name='download.size' value='16996'/>
      </properties>
    </artifact>
    <artifact classifier='osgi.bundle' id='org.eclipse.xtext.ide' version='2.17.0.v20190304-0545'>
      <properties size='1'>
        <property name='download.size' value='501068'/>
      </properties>
    </artifact>
    <artifact classifier='org.eclipse.update.feature' id='ummisco.gama.feature.modeling.ui' version='1.7.0.201908010658'>
      <properties size='1'>
        <property name='download.size' value='937'/>
      </properties>
      <repositoryProperties size='1'>
        <property name='artifact.folder' value='true'/>
      </repositoryProperties>
    </artifact>
    <artifact classifier='osgi.bundle' id='org.eclipse.equinox.bidi' version='1.1.300.v20190218-1259'>
      <properties size='1'>
        <property name='download.size' value='49771'/>
      </properties>
    </artifact>
    <artifact classifier='osgi.bundle' id='irit.gaml.extensions.database' version='1.7.0.201908010650'>
      <properties size='1'>
        <property name='download.size' value='65367'/>
      </properties>
    </artifact>
    <artifact classifier='osgi.bundle' id='org.eclipse.e4.core.commands' version='0.12.500.v20190131-1604'>
      <properties size='1'>
        <property name='download.size' value='26064'/>
      </properties>
    </artifact>
    <artifact classifier='osgi.bundle' id='org.eclipse.ui.workbench' version='3.113.0.v20190219-1432'>
      <properties size='1'>
        <property name='download.size' value='3737488'/>
      </properties>
    </artifact>
    <artifact classifier='osgi.bundle' id='org.eclipse.equinox.p2.directorywatcher' version='1.2.200.v20190204-0752'>
      <properties size='1'>
        <property name='download.size' value='31822'/>
      </properties>
    </artifact>
    <artifact classifier='osgi.bundle' id='org.apache.log4j' version='1.2.15.v201012070815'>
      <properties size='1'>
        <property name='download.size' value='415047'/>
      </properties>
    </artifact>
    <artifact classifier='osgi.bundle' id='org.eclipse.e4.core.di.annotations' version='1.6.300.v20190214-1713'>
      <properties size='1'>
        <property name='download.size' value='12266'/>
      </properties>
    </artifact>
    <artifact classifier='osgi.bundle' id='org.eclipse.ltk.ui.refactoring' version='3.9.300.v20190216-1303'>
      <properties size='1'>
        <property name='download.size' value='512507'/>
      </properties>
    </artifact>
    <artifact classifier='osgi.bundle' id='org.eclipse.xtend.lib' version='2.17.0.v20190304-0518'>
      <properties size='1'>
        <property name='download.size' value='104713'/>
      </properties>
    </artifact>
    <artifact classifier='osgi.bundle' id='org.apache.commons.codec' version='1.10.0.v20180409-1845'>
      <properties size='1'>
        <property name='download.size' value='312034'/>
      </properties>
    </artifact>
    <artifact classifier='osgi.bundle' id='org.eclipse.e4.ui.di' version='1.2.500.v20190214-1316'>
      <properties size='1'>
        <property name='download.size' value='17585'/>
      </properties>
    </artifact>
    <artifact classifier='osgi.bundle' id='org.eclipse.equinox.p2.repository.tools' version='2.2.200.v20181102-0649'>
      <properties size='1'>
        <property name='download.size' value='253690'/>
      </properties>
    </artifact>
    <artifact classifier='osgi.bundle' id='org.eclipse.swt' version='3.110.0.v20190305-0602'>
      <properties size='1'>
        <property name='download.size' value='17336'/>
      </properties>
    </artifact>
    <artifact classifier='osgi.bundle' id='org.eclipse.e4.ui.workbench3' version='0.15.0.v20181213-1706'>
      <properties size='1'>
        <property name='download.size' value='21332'/>
      </properties>
    </artifact>
    <artifact classifier='osgi.bundle' id='ummisco.gama.ui.modeling' version='1.7.0.201908010650'>
      <properties size='1'>
        <property name='download.size' value='593701'/>
      </properties>
    </artifact>
    <artifact classifier='osgi.bundle' id='org.eclipse.xtext' version='2.17.0.v20190304-0545'>
      <properties size='1'>
        <property name='download.size' value='2695635'/>
      </properties>
    </artifact>
    <artifact classifier='osgi.bundle' id='msi.gama.application' version='1.7.0.201908010650'>
      <properties size='1'>
        <property name='download.size' value='202012'/>
      </properties>
    </artifact>
    <artifact classifier='osgi.bundle' id='org.eclipse.emf.ecore.xmi' version='2.15.0.v20180706-1146'>
      <properties size='1'>
        <property name='download.size' value='235234'/>
      </properties>
    </artifact>
    <artifact classifier='osgi.bundle' id='org.eclipse.equinox.launcher' version='1.5.300.v20190213-1655'>
      <properties size='1'>
        <property name='download.size' value='53223'/>
      </properties>
    </artifact>
    <artifact classifier='osgi.bundle' id='org.eclipse.xtext.ui.shared' version='2.17.0.v20190304-1216'>
      <properties size='1'>
        <property name='download.size' value='59815'/>
      </properties>
    </artifact>
    <artifact classifier='osgi.bundle' id='org.eclipse.core.runtime' version='3.15.200.v20190301-1641'>
      <properties size='1'>
        <property name='download.size' value='74408'/>
      </properties>
    </artifact>
    <artifact classifier='osgi.bundle' id='ummisco.gama.ui.viewers' version='1.7.0.201908010657'>
      <properties size='1'>
        <property name='download.size' value='130058'/>
      </properties>
    </artifact>
    <artifact classifier='osgi.bundle' id='org.eclipse.equinox.p2.reconciler.dropins' version='1.3.0.v20181023-0914'>
      <properties size='1'>
        <property name='download.size' value='50605'/>
      </properties>
    </artifact>
    <artifact classifier='osgi.bundle' id='com.ibm.icu.base' version='56.1.0.v201601250100'>
      <properties size='1'>
        <property name='download.size' value='183737'/>
      </properties>
    </artifact>
    <artifact classifier='osgi.bundle' id='org.eclipse.ecf.provider.filetransfer' version='3.2.400.v20180306-0429'>
      <properties size='1'>
        <property name='download.size' value='129432'/>
      </properties>
    </artifact>
    <artifact classifier='osgi.bundle' id='org.eclipse.emf.ecore.change' version='2.13.0.v20180706-1146'>
      <properties size='1'>
        <property name='download.size' value='103026'/>
      </properties>
    </artifact>
    <artifact classifier='osgi.bundle' id='org.apache.felix.gogo.runtime' version='1.1.0.v20180713-1646'>
      <properties size='1'>
        <property name='download.size' value='208743'/>
      </properties>
    </artifact>
    <artifact classifier='osgi.bundle' id='org.eclipse.core.databinding.observable' version='1.6.400.v20190218-2049'>
      <properties size='1'>
        <property name='download.size' value='315300'/>
      </properties>
    </artifact>
    <artifact classifier='osgi.bundle' id='org.eclipse.e4.core.di' version='1.7.100.v20180817-1215'>
      <properties size='1'>
        <property name='download.size' value='52884'/>
      </properties>
    </artifact>
    <artifact classifier='org.eclipse.update.feature' id='org.eclipse.emf.common' version='2.15.0.v20181220-0846'>
      <properties size='1'>
        <property name='download.size' value='19520'/>
      </properties>
      <repositoryProperties size='1'>
        <property name='artifact.folder' value='true'/>
      </repositoryProperties>
    </artifact>
    <artifact classifier='osgi.bundle' id='org.eclipse.emf.ecore' version='2.17.0.v20190116-0940'>
      <properties size='1'>
        <property name='download.size' value='1414074'/>
      </properties>
    </artifact>
    <artifact classifier='osgi.bundle' id='org.eclipse.equinox.simpleconfigurator' version='1.3.200.v20181101-1115'>
      <properties size='1'>
        <property name='download.size' value='46189'/>
      </properties>
    </artifact>
    <artifact classifier='osgi.bundle' id='org.eclipse.e4.ui.css.swt' version='0.13.400.v20190223-1254'>
      <properties size='1'>
        <property name='download.size' value='256622'/>
      </properties>
    </artifact>
    <artifact classifier='osgi.bundle' id='org.apache.batik.constants' version='1.10.0.v20180703-1553'>
      <properties size='1'>
        <property name='download.size' value='20823'/>
      </properties>
    </artifact>
    <artifact classifier='org.eclipse.update.feature' id='org.eclipse.ecf.filetransfer.feature' version='3.14.4.v20181013-2146'>
      <properties size='1'>
        <property name='download.size' value='27450'/>
      </properties>
      <repositoryProperties size='1'>
        <property name='artifact.folder' value='true'/>
      </repositoryProperties>
    </artifact>
    <artifact classifier='osgi.bundle' id='org.eclipse.e4.ui.css.swt.theme' version='0.12.200.v20190212-2214'>
      <properties size='1'>
        <property name='download.size' value='28939'/>
      </properties>
    </artifact>
    <artifact classifier='osgi.bundle' id='ummisco.gama.ui.experiment' version='1.7.0.201908010650'>
      <properties size='1'>
        <property name='download.size' value='229041'/>
      </properties>
    </artifact>
    <artifact classifier='osgi.bundle' id='org.eclipse.e4.ui.dialogs' version='1.1.400.v20190214-1309'>
      <properties size='1'>
        <property name='download.size' value='46169'/>
      </properties>
    </artifact>
    <artifact classifier='osgi.bundle' id='org.eclipse.ui.views.log' version='1.2.500.v20190218-0617'>
      <properties size='1'>
        <property name='download.size' value='170348'/>
      </properties>
    </artifact>
    <artifact classifier='osgi.bundle' id='org.eclipse.e4.ui.workbench.renderers.swt' version='0.14.500.v20190220-1002'>
      <properties size='1'>
        <property name='download.size' value='251499'/>
      </properties>
    </artifact>
    <artifact classifier='osgi.bundle' id='org.eclipse.equinox.app' version='1.4.100.v20190215-2139'>
      <properties size='1'>
        <property name='download.size' value='88355'/>
      </properties>
    </artifact>
    <artifact classifier='osgi.bundle' id='org.eclipse.ui.workbench.texteditor' version='3.11.300.v20190218-2126'>
      <properties size='1'>
        <property name='download.size' value='653118'/>
      </properties>
    </artifact>
    <artifact classifier='osgi.bundle' id='org.eclipse.equinox.p2.repository' version='2.4.300.v20190215-2242'>
      <properties size='1'>
        <property name='download.size' value='141823'/>
      </properties>
    </artifact>
    <artifact classifier='osgi.bundle' id='ummisco.gama.java2d' version='1.7.0.201908010650'>
      <properties size='1'>
        <property name='download.size' value='26181'/>
      </properties>
    </artifact>
    <artifact classifier='osgi.bundle' id='ummisco.gama.opengl' version='1.7.0.201908010656'>
      <properties size='1'>
        <property name='download.size' value='4425299'/>
      </properties>
    </artifact>
    <artifact classifier='osgi.bundle' id='org.apache.commons.logging' version='1.2.0.v20180409-1502'>
      <properties size='1'>
        <property name='download.size' value='73163'/>
      </properties>
    </artifact>
    <artifact classifier='osgi.bundle' id='org.antlr.runtime' version='3.2.0.v201101311130'>
      <properties size='1'>
        <property name='download.size' value='206568'/>
      </properties>
    </artifact>
    <artifact classifier='osgi.bundle' id='org.eclipse.ecf.provider.filetransfer.ssl' version='1.0.100.v20180301-0132'>
      <properties size='1'>
        <property name='download.size' value='9929'/>
      </properties>
    </artifact>
    <artifact classifier='osgi.bundle' id='com.google.guava' version='21.0.0.v20170206-1425'>
      <properties size='1'>
        <property name='download.size' value='2675023'/>
      </properties>
    </artifact>
    <artifact classifier='osgi.bundle' id='org.eclipse.equinox.p2.core' version='2.6.0.v20190215-2242'>
      <properties size='1'>
        <property name='download.size' value='76692'/>
      </properties>
    </artifact>
    <artifact classifier='osgi.bundle' id='org.eclipse.equinox.p2.metadata' version='2.4.300.v20190215-2242'>
      <properties size='1'>
        <property name='download.size' value='360100'/>
      </properties>
    </artifact>
    <artifact classifier='osgi.bundle' id='org.eclipse.ui.ide' version='3.15.0.v20190301-1127'>
      <properties size='1'>
        <property name='download.size' value='2521597'/>
      </properties>
    </artifact>
    <artifact classifier='osgi.bundle' id='org.w3c.dom.svg' version='1.1.0.v201011041433'>
      <properties size='1'>
        <property name='download.size' value='97382'/>
      </properties>
    </artifact>
    <artifact classifier='osgi.bundle' id='org.eclipse.ui.net' version='1.3.300.v20180827-1041'>
      <properties size='1'>
        <property name='download.size' value='46701'/>
      </properties>
    </artifact>
    <artifact classifier='osgi.bundle' id='org.eclipse.xtext.ecore' version='2.17.0.v20190304-0626'>
      <properties size='1'>
        <property name='download.size' value='15944'/>
      </properties>
    </artifact>
    <artifact classifier='osgi.bundle' id='ummisco.gaml.extensions.maths' version='1.7.0.201908010650'>
      <properties size='1'>
        <property name='download.size' value='96988'/>
      </properties>
    </artifact>
    <artifact classifier='osgi.bundle' id='msi.gama.core' version='1.7.0.201908010654'>
      <properties size='1'>
        <property name='download.size' value='2208776'/>
      </properties>
    </artifact>
    <artifact classifier='osgi.bundle' id='org.eclipse.e4.ui.bindings' version='0.12.400.v20190131-1604'>
      <properties size='1'>
        <property name='download.size' value='46063'/>
      </properties>
    </artifact>
    <artifact classifier='osgi.bundle' id='org.eclipse.e4.ui.workbench.swt' version='0.14.500.v20190214-0851'>
      <properties size='1'>
        <property name='download.size' value='175042'/>
      </properties>
    </artifact>
    <artifact classifier='osgi.bundle' id='org.eclipse.equinox.p2.extensionlocation' version='1.3.100.v20180822-1302'>
      <properties size='1'>
        <property name='download.size' value='35860'/>
      </properties>
    </artifact>
    <artifact classifier='osgi.bundle' id='com.ibm.icu' version='63.1.0.v20181030-1705'>
      <properties size='1'>
        <property name='download.size' value='13067496'/>
      </properties>
    </artifact>
    <artifact classifier='osgi.bundle' id='ummisco.gama.ui.navigator' version='1.7.0.201908010650'>
      <properties size='1'>
        <property name='download.size' value='250136'/>
      </properties>
    </artifact>
    <artifact classifier='osgi.bundle' id='org.eclipse.compare' version='3.7.500.v20190218-1850'>
      <properties size='1'>
        <property name='download.size' value='805648'/>
      </properties>
    </artifact>
    <artifact classifier='osgi.bundle' id='org.eclipse.ecf.ssl' version='1.2.100.v20180301-0132'>
      <properties size='1'>
        <property name='download.size' value='14832'/>
      </properties>
    </artifact>
    <artifact classifier='osgi.bundle' id='org.eclipse.equinox.p2.console' version='1.1.100.v20180822-1258'>
      <properties size='1'>
        <property name='download.size' value='28636'/>
      </properties>
    </artifact>
    <artifact classifier='osgi.bundle' id='org.apache.commons.jxpath' version='1.3.0.v200911051830'>
      <properties size='1'>
        <property name='download.size' value='315491'/>
      </properties>
    </artifact>
    <artifact classifier='osgi.bundle' id='org.eclipse.jface.text' version='3.15.100.v20190305-0811'>
      <properties size='1'>
        <property name='download.size' value='1059671'/>
      </properties>
    </artifact>
    <artifact classifier='org.eclipse.update.feature' id='ummisco.gama.feature.dependencies' version='1.7.0.201908010650'>
      <properties size='1'>
        <property name='download.size' value='3928'/>
      </properties>
      <repositoryProperties size='1'>
        <property name='artifact.folder' value='true'/>
      </repositoryProperties>
    </artifact>
    <artifact classifier='osgi.bundle' id='org.eclipse.equinox.common' version='3.10.300.v20190218-2100'>
      <properties size='1'>
        <property name='download.size' value='122343'/>
      </properties>
    </artifact>
    <artifact classifier='osgi.bundle' id='org.slf4j.api' version='1.7.2.v20121108-1250'>
      <properties size='1'>
        <property name='download.size' value='34566'/>
      </properties>
    </artifact>
    <artifact classifier='osgi.bundle' id='org.apache.felix.gogo.command' version='1.0.2.v20170914-1324'>
      <properties size='1'>
        <property name='download.size' value='58232'/>
      </properties>
    </artifact>
    <artifact classifier='osgi.bundle' id='org.eclipse.ecf.provider.filetransfer.httpclient4' version='1.1.300.v20180301-0132'>
      <properties size='1'>
        <property name='download.size' value='75556'/>
      </properties>
    </artifact>
    <artifact classifier='osgi.bundle' id='org.eclipse.xtext.ui' version='2.17.0.v20190304-1216'>
      <properties size='1'>
        <property name='download.size' value='1921990'/>
      </properties>
    </artifact>
    <artifact classifier='osgi.bundle' id='msi.gama.ext' version='1.7.0.201908010650'>
      <properties size='1'>
        <property name='download.size' value='34529753'/>
      </properties>
    </artifact>
    <artifact classifier='org.eclipse.update.feature' id='ummisco.gama.feature.core.extensions' version='1.7.0.201908010650'>
      <properties size='1'>
        <property name='download.size' value='1055'/>
      </properties>
      <repositoryProperties size='1'>
        <property name='artifact.folder' value='true'/>
      </repositoryProperties>
    </artifact>
    <artifact classifier='osgi.bundle' id='org.eclipse.xtext.ui.codetemplates' version='2.17.0.v20190304-1216'>
      <properties size='1'>
        <property name='download.size' value='196217'/>
      </properties>
    </artifact>
    <artifact classifier='osgi.bundle' id='org.apache.batik.util' version='1.10.0.v20180703-1553'>
      <properties size='1'>
        <property name='download.size' value='147601'/>
      </properties>
    </artifact>
    <artifact classifier='osgi.bundle' id='org.eclipse.equinox.p2.updatesite' version='1.1.100.v20180827-1122'>
      <properties size='1'>
        <property name='download.size' value='99640'/>
      </properties>
    </artifact>
    <artifact classifier='osgi.bundle' id='org.eclipse.equinox.p2.publisher.eclipse' version='1.3.100.v20180822-1354'>
      <properties size='1'>
        <property name='download.size' value='237694'/>
      </properties>
    </artifact>
    <artifact classifier='osgi.bundle' id='org.eclipse.osgi.util' version='3.5.200.v20190115-2323'>
      <properties size='1'>
        <property name='download.size' value='73514'/>
      </properties>
    </artifact>
    <artifact classifier='osgi.bundle' id='org.eclipse.e4.core.di.extensions' version='0.15.300.v20190213-1308'>
      <properties size='1'>
        <property name='download.size' value='11420'/>
      </properties>
    </artifact>
    <artifact classifier='osgi.bundle' id='org.eclipse.equinox.security' version='1.3.100.v20190215-2139'>
      <properties size='1'>
        <property name='download.size' value='113603'/>
      </properties>
    </artifact>
    <artifact classifier='osgi.bundle' id='msi.gama.processor' version='1.4.0.201908010650'>
      <properties size='1'>
        <property name='download.size' value='105168'/>
      </properties>
    </artifact>
    <artifact classifier='osgi.bundle' id='org.eclipse.equinox.frameworkadmin' version='2.1.200.v20190215-2242'>
      <properties size='1'>
        <property name='download.size' value='36968'/>
      </properties>
    </artifact>
    <artifact classifier='osgi.bundle' id='org.eclipse.equinox.launcher.win32.win32.x86_64' version='1.1.1000.v20190125-2016'>
      <properties size='1'>
        <property name='download.size' value='77860'/>
      </properties>
      <repositoryProperties size='1'>
        <property name='artifact.folder' value='true'/>
      </repositoryProperties>
    </artifact>
    <artifact classifier='osgi.bundle' id='org.eclipse.urischeme' version='1.0.200.v20190219-1659'>
      <properties size='1'>
        <property name='download.size' value='48796'/>
      </properties>
    </artifact>
    <artifact classifier='osgi.bundle' id='org.eclipse.ui.console' version='3.8.400.v20190218-2131'>
      <properties size='1'>
        <property name='download.size' value='205054'/>
      </properties>
    </artifact>
    <artifact classifier='osgi.bundle' id='ummisco.gaml.extensions.stats' version='1.7.0.201908010650'>
      <properties size='1'>
        <property name='download.size' value='513171'/>
      </properties>
    </artifact>
    <artifact classifier='osgi.bundle' id='msi.gama.lang.gaml' version='1.7.0.201908010650'>
      <properties size='1'>
        <property name='download.size' value='631718'/>
      </properties>
    </artifact>
    <artifact classifier='osgi.bundle' id='org.eclipse.osgi.compatibility.state' version='1.1.400.v20190208-1533'>
      <properties size='1'>
        <property name='download.size' value='244997'/>
      </properties>
    </artifact>
    <artifact classifier='osgi.bundle' id='org.sat4j.pb' version='2.3.5.v201404071733'>
      <properties size='1'>
        <property name='download.size' value='241956'/>
      </properties>
    </artifact>
    <artifact classifier='osgi.bundle' id='org.eclipse.equinox.p2.ui' version='2.5.500.v20190220-1158'>
      <properties size='1'>
        <property name='download.size' value='620568'/>
      </properties>
    </artifact>
    <artifact classifier='osgi.bundle' id='org.antlr.runtime' version='4.3.0.v201502022030'>
      <properties size='1'>
        <property name='download.size' value='408762'/>
      </properties>
    </artifact>
    <artifact classifier='osgi.bundle' id='org.eclipse.core.jobs' version='3.10.300.v20190215-2048'>
      <properties size='1'>
        <property name='download.size' value='107379'/>
      </properties>
    </artifact>
    <artifact classifier='org.eclipse.update.feature' id='org.eclipse.ecf.filetransfer.httpclient4.feature' version='3.14.4.v20181013-2146'>
      <properties size='1'>
        <property name='download.size' value='27444'/>
      </properties>
      <repositoryProperties size='1'>
        <property name='artifact.folder' value='true'/>
      </repositoryProperties>
    </artifact>
    <artifact classifier='osgi.bundle' id='org.eclipse.e4.ui.css.core' version='0.12.500.v20190211-2017'>
      <properties size='1'>
        <property name='download.size' value='211566'/>
      </properties>
    </artifact>
    <artifact classifier='osgi.bundle' id='org.apache.felix.gogo.shell' version='1.1.0.v20180713-1646'>
      <properties size='1'>
        <property name='download.size' value='69091'/>
      </properties>
    </artifact>
    <artifact classifier='osgi.bundle' id='org.eclipse.equinox.p2.ui.sdk' version='1.1.200.v20181214-0802'>
      <properties size='1'>
        <property name='download.size' value='52527'/>
      </properties>
    </artifact>
    <artifact classifier='osgi.bundle' id='org.eclipse.text' version='3.8.100.v20190306-1823'>
      <properties size='1'>
        <property name='download.size' value='285722'/>
      </properties>
    </artifact>
    <artifact classifier='osgi.bundle' id='org.eclipse.emf.common' version='2.15.0.v20181220-0846'>
      <properties size='1'>
        <property name='download.size' value='375988'/>
      </properties>
    </artifact>
    <artifact classifier='org.eclipse.update.feature' id='org.eclipse.ecf.filetransfer.httpclient4.ssl.feature' version='1.1.100.v20180301-0132'>
      <properties size='1'>
        <property name='download.size' value='27337'/>
      </properties>
      <repositoryProperties size='1'>
        <property name='artifact.folder' value='true'/>
      </repositoryProperties>
    </artifact>
    <artifact classifier='org.eclipse.update.feature' id='org.eclipse.equinox.p2.user.ui' version='2.4.300.v20190220-1158'>
      <properties size='1'>
        <property name='download.size' value='19380'/>
      </properties>
      <repositoryProperties size='1'>
        <property name='artifact.folder' value='true'/>
      </repositoryProperties>
    </artifact>
    <artifact classifier='osgi.bundle' id='org.eclipse.help' version='3.8.300.v20190216-1017'>
      <properties size='1'>
        <property name='download.size' value='269612'/>
      </properties>
    </artifact>
    <artifact classifier='osgi.bundle' id='org.eclipse.equinox.p2.metadata.repository' version='1.3.100.v20180822-1302'>
      <properties size='1'>
        <property name='download.size' value='133540'/>
      </properties>
    </artifact>
    <artifact classifier='osgi.bundle' id='org.eclipse.rcp' version='4.11.0.v20190307-0500'>
      <properties size='1'>
        <property name='download.size' value='11347'/>
      </properties>
    </artifact>
    <artifact classifier='osgi.bundle' id='msi.gaml.extensions.fipa' version='1.7.0.201908010650'>
      <properties size='1'>
        <property name='download.size' value='49297'/>
      </properties>
    </artifact>
    <artifact classifier='osgi.bundle' id='org.eclipse.emf.common.ui' version='2.16.0.v20190301-1325'>
      <properties size='1'>
        <property name='download.size' value='164893'/>
      </properties>
    </artifact>
    <artifact classifier='org.eclipse.update.feature' id='ummisco.gama.feature.core' version='1.7.0.201908010656'>
      <properties size='1'>
        <property name='download.size' value='976'/>
      </properties>
      <repositoryProperties size='1'>
        <property name='artifact.folder' value='true'/>
      </repositoryProperties>
    </artifact>
    <artifact classifier='osgi.bundle' id='org.eclipse.e4.ui.services' version='1.3.400.v20190212-2214'>
      <properties size='1'>
        <property name='download.size' value='25188'/>
      </properties>
    </artifact>
    <artifact classifier='osgi.bundle' id='org.eclipse.ecf.identity' version='3.9.1.v20180810-0833'>
      <properties size='1'>
        <property name='download.size' value='65145'/>
      </properties>
    </artifact>
    <artifact classifier='osgi.bundle' id='org.eclipse.e4.ui.workbench.addons.swt' version='1.3.400.v20190224-1542'>
      <properties size='1'>
        <property name='download.size' value='125857'/>
      </properties>
    </artifact>
    <artifact classifier='osgi.bundle' id='org.eclipse.ui.views' version='3.9.300.v20190216-1545'>
      <properties size='1'>
        <property name='download.size' value='110619'/>
      </properties>
    </artifact>
    <artifact classifier='osgi.bundle' id='org.apache.felix.scr' version='2.1.14.v20190123-1619'>
      <properties size='1'>
        <property name='download.size' value='412632'/>
      </properties>
    </artifact>
    <artifact classifier='osgi.bundle' id='org.eclipse.ui.browser' version='3.6.300.v20180828-0837'>
      <properties size='1'>
        <property name='download.size' value='207398'/>
      </properties>
    </artifact>
    <artifact classifier='osgi.bundle' id='org.w3c.dom.smil' version='1.0.1.v200903091627'>
      <properties size='1'>
        <property name='download.size' value='20106'/>
      </properties>
    </artifact>
    <artifact classifier='org.eclipse.update.feature' id='org.eclipse.ecf.filetransfer.ssl.feature' version='1.1.100.v20180301-0132'>
      <properties size='1'>
        <property name='download.size' value='23263'/>
      </properties>
      <repositoryProperties size='1'>
        <property name='artifact.folder' value='true'/>
      </repositoryProperties>
    </artifact>
    <artifact classifier='osgi.bundle' id='org.eclipse.equinox.console' version='1.3.200.v20181115-0906'>
      <properties size='1'>
        <property name='download.size' value='125325'/>
      </properties>
    </artifact>
    <artifact classifier='osgi.bundle' id='org.eclipse.equinox.p2.director' version='2.4.300.v20190215-2242'>
      <properties size='1'>
        <property name='download.size' value='109421'/>
      </properties>
    </artifact>
    <artifact classifier='org.eclipse.update.feature' id='org.eclipse.equinox.p2.core.feature' version='1.6.100.v20190218-2100'>
      <properties size='1'>
        <property name='download.size' value='20069'/>
      </properties>
      <repositoryProperties size='1'>
        <property name='artifact.folder' value='true'/>
      </repositoryProperties>
    </artifact>
    <artifact classifier='osgi.bundle' id='org.eclipse.equinox.util' version='1.1.200.v20181008-1820'>
      <properties size='1'>
        <property name='download.size' value='83351'/>
      </properties>
    </artifact>
    <artifact classifier='osgi.bundle' id='org.eclipse.xtext.ui.codetemplates.ui' version='2.17.0.v20190304-1216'>
      <properties size='1'>
        <property name='download.size' value='128750'/>
      </properties>
    </artifact>
    <artifact classifier='osgi.bundle' id='org.eclipse.equinox.security.ui' version='1.2.200.v20181108-1420'>
      <properties size='1'>
        <property name='download.size' value='172950'/>
      </properties>
    </artifact>
    <artifact classifier='osgi.bundle' id='org.eclipse.e4.core.di.extensions.supplier' version='0.15.200.v20180817-1215'>
      <properties size='1'>
        <property name='download.size' value='35357'/>
      </properties>
    </artifact>
    <artifact classifier='osgi.bundle' id='msi.gama.models' version='1.7.0.201908010650'>
      <properties size='1'>
        <property name='download.size' value='5821543'/>
      </properties>
    </artifact>
    <artifact classifier='osgi.bundle' id='org.eclipse.equinox.p2.artifact.repository' version='1.3.0.v20190212-1235'>
      <properties size='1'>
        <property name='download.size' value='156931'/>
      </properties>
    </artifact>
    <artifact classifier='osgi.bundle' id='org.eclipse.core.expressions' version='3.6.300.v20190218-1215'>
      <properties size='1'>
        <property name='download.size' value='94194'/>
      </properties>
    </artifact>
    <artifact classifier='osgi.bundle' id='org.eclipse.xtext.smap' version='2.17.0.v20190304-0626'>
      <properties size='1'>
        <property name='download.size' value='19121'/>
      </properties>
    </artifact>
    <artifact classifier='osgi.bundle' id='org.eclipse.core.contenttype' version='3.7.300.v20190215-2048'>
      <properties size='1'>
        <property name='download.size' value='105591'/>
      </properties>
    </artifact>
    <artifact classifier='osgi.bundle' id='ummisco.gama.ui.shared' version='1.7.0.201908010650'>
      <properties size='1'>
        <property name='download.size' value='649009'/>
      </properties>
      <repositoryProperties size='1'>
        <property name='artifact.folder' value='true'/>
      </repositoryProperties>
    </artifact>
    <artifact classifier='osgi.bundle' id='org.w3c.css.sac' version='1.3.1.v200903091627'>
      <properties size='1'>
        <property name='download.size' value='38584'/>
      </properties>
    </artifact>
    <artifact classifier='osgi.bundle' id='com.google.inject' version='3.0.0.v201605172100'>
      <properties size='1'>
        <property name='download.size' value='531525'/>
      </properties>
    </artifact>
    <artifact classifier='osgi.bundle' id='org.eclipse.core.net' version='1.3.400.v20181030-1645'>
      <properties size='1'>
        <property name='download.size' value='74297'/>
      </properties>
    </artifact>
    <artifact classifier='osgi.bundle' id='org.eclipse.ui' version='3.112.0.v20190205-1313'>
      <properties size='1'>
        <property name='download.size' value='475836'/>
      </properties>
    </artifact>
    <artifact classifier='osgi.bundle' id='org.eclipse.xtext.util' version='2.17.0.v20190304-0545'>
      <properties size='1'>
        <property name='download.size' value='305749'/>
      </properties>
    </artifact>
    <artifact classifier='osgi.bundle' id='org.eclipse.e4.ui.workbench' version='1.9.0.v20190220-1356'>
      <properties size='1'>
        <property name='download.size' value='260508'/>
      </properties>
    </artifact>
    <artifact classifier='osgi.bundle' id='org.eclipse.compare.core' version='3.6.400.v20190214-2156'>
      <properties size='1'>
        <property name='download.size' value='67994'/>
      </properties>
    </artifact>
    <artifact classifier='osgi.bundle' id='org.eclipse.e4.emf.xpath' version='0.2.200.v20180828-0227'>
      <properties size='1'>
        <property name='download.size' value='49567'/>
      </properties>
    </artifact>
    <artifact classifier='osgi.bundle' id='org.apache.batik.css' version='1.10.0.v20180703-1553'>
      <properties size='1'>
        <property name='download.size' value='360158'/>
      </properties>
    </artifact>
  </artifacts>
</repository>
