<?xml version="1.0" encoding="UTF-8"?>
<config date="1564642768794" transient="false">
	<site updateable="true" url="platform:/base/" enabled="true" policy="USER-EXCLUDE">
		<feature id="org.eclipse.ecf.filetransfer.ssl.feature" version="1.1.100.v20180301-0132" url="features/org.eclipse.ecf.filetransfer.ssl.feature_1.1.100.v20180301-0132/">
		</feature>
		<feature id="org.eclipse.ecf.core.feature" version="1.5.3.v20181012-2020" url="features/org.eclipse.ecf.core.feature_1.5.3.v20181012-2020/">
		</feature>
		<feature id="org.eclipse.equinox.p2.user.ui" version="2.4.300.v20190220-1158" url="features/org.eclipse.equinox.p2.user.ui_2.4.300.v20190220-1158/">
		</feature>
		<feature id="org.eclipse.equinox.p2.core.feature" version="1.6.100.v20190218-2100" url="features/org.eclipse.equinox.p2.core.feature_1.6.100.v20190218-2100/">
		</feature>
		<feature id="ummisco.gama.feature.core.extensions" version="1.7.0.201908010650" url="features/ummisco.gama.feature.core.extensions_1.7.0.201908010650/">
		</feature>
		<feature id="org.eclipse.rcp" version="4.11.0.v20190307-0500" url="features/org.eclipse.rcp_4.11.0.v20190307-0500/">
		</feature>
		<feature id="ummisco.gama.feature.experiment.ui" version="1.7.0.201908010657" url="features/ummisco.gama.feature.experiment.ui_1.7.0.201908010657/">
		</feature>
		<feature id="org.eclipse.emf.ecore" version="2.17.0.v20190116-0940" url="features/org.eclipse.emf.ecore_2.17.0.v20190116-0940/">
		</feature>
		<feature id="org.eclipse.ecf.core.ssl.feature" version="1.1.100.v20180301-0201" url="features/org.eclipse.ecf.core.ssl.feature_1.1.100.v20180301-0201/">
		</feature>
		<feature id="ummisco.gama.feature.dependencies" version="1.7.0.201908010650" url="features/ummisco.gama.feature.dependencies_1.7.0.201908010650/">
		</feature>
		<feature id="ummisco.gama.feature.core" version="1.7.0.201908010656" url="features/ummisco.gama.feature.core_1.7.0.201908010656/">
		</feature>
		<feature id="ummisco.gama.feature.core.ui" version="1.7.0.201908010650" url="features/ummisco.gama.feature.core.ui_1.7.0.201908010650/">
		</feature>
		<feature id="ummisco.gama.feature.models" version="1.7.0.201908010650" url="features/ummisco.gama.feature.models_1.7.0.201908010650/">
		</feature>
		<feature id="org.eclipse.ecf.filetransfer.httpclient4.ssl.feature" version="1.1.100.v20180301-0132" url="features/org.eclipse.ecf.filetransfer.httpclient4.ssl.feature_1.1.100.v20180301-0132/">
		</feature>
		<feature id="org.eclipse.e4.rcp" version="1.6.400.v20190305-0602" url="features/org.eclipse.e4.rcp_1.6.400.v20190305-0602/">
		</feature>
		<feature id="org.eclipse.ecf.filetransfer.httpclient4.feature" version="3.14.4.v20181013-2146" url="features/org.eclipse.ecf.filetransfer.httpclient4.feature_3.14.4.v20181013-2146/">
		</feature>
		<feature id="org.eclipse.equinox.p2.extras.feature" version="1.4.300.v20190218-2100" url="features/org.eclipse.equinox.p2.extras.feature_1.4.300.v20190218-2100/">
		</feature>
		<feature id="org.eclipse.emf.common" version="2.15.0.v20181220-0846" url="features/org.eclipse.emf.common_2.15.0.v20181220-0846/">
		</feature>
		<feature id="ummisco.gama.feature.modeling.ui" version="1.7.0.201908010658" url="features/ummisco.gama.feature.modeling.ui_1.7.0.201908010658/">
		</feature>
		<feature id="org.eclipse.equinox.p2.rcp.feature" version="1.4.300.v20190220-1158" url="features/org.eclipse.equinox.p2.rcp.feature_1.4.300.v20190220-1158/">
		</feature>
		<feature id="org.eclipse.ecf.filetransfer.feature" version="3.14.4.v20181013-2146" url="features/org.eclipse.ecf.filetransfer.feature_3.14.4.v20181013-2146/">
		</feature>
	</site>
</config>
