nom,type,types_specialise,couleur,debut_jour_labour,debut_mois_labour,final_jour_labour,final_mois_labour,debut_jour_semis,debut_mois_semis,final_jour_semis,final_mois_semis,nb_binage,mois_binage,debut_jour_recolte,debut_mois_recolte,final_jour_recolte,final_mois_recolte,dd1,dd2,dd3,ddmax,coef_ibm,coef_F2,coef_F3,id
Mais,culture annuelle,cereale,yellow,1,3,30,3,15,4,15,5,2,6,15,10,15,11,15,40,90,2000,0.5,50,600,2
Ble,culture annuelle,cereale,lime,15,10,15,11,15,12,25,11,0,7,1,7,30,7,15,40,90,2000,0.5,50,600,1
Orge,culture annuelle,cereale,blue,15,10,15,11,15,12,25,11,0,6,15,6,15,7,15,40,90,2000,0.5,50,600,3
Ble printemps,culture annuelle,cereale,green,15,9,15,10,1,10,30,10,0,6,15,6,15,7,15,40,90,2000,0.5,50,600,4
Colza,culture annuelle,cereale,olive,1,8,30,8,5,9,10,9,0,6,15,6,15,7,15,40,90,2000,0.5,50,600,5
Soja,culture annuelle,cereale,lightgreen,1,8,30,8,5,9,10,9,0,6,15,6,15,7,15,40,90,2000,0.5,50,600,5
Tournesol,culture annuelle,cereale,goldenrod,1,8,30,8,5,9,10,9,0,6,15,6,15,7,15,40,90,2000,0.5,50,600,6
Pomme de terre,culture annuelle,cultures maraichaires,orange,1,3,30,3,1,4,15,5,0,8,1,8,15,10,5,10,100,1500,0.45,30,700,25
Poireau,culture annuelle,cultures maraichaires,darkgray,1,5,15,6,1,7,30,7,1,8,1,11,1,3,5,10,100,800,0.6,30,700,25
Chou,culture annuelle,cultures maraichaires,red,1,3,1,6,1,7,1,6,1,7,1,8,1,4,5,10,100,800,0.65,30,700,16
Betterave,culture annuelle,cultures maraichaires,cyan,1,3,30,3,15,5,15,6,2,7,15,10,15,11,5,10,100,800,0.6,30,700,24
Oignon,culture annuelle,cultures maraichaires,coral,15,6,30,8,5,9,10,9,0,8,1,8,15,9,5,10,100,700,0.6,30,700,25
Salade,culture annuelle,cultures maraichaires,gray,15,12,15,1,15,2,15,9,2,9,1,4,15,11,5,10,100,700,0.65,30,700,25
Epinard,culture annuelle,cultures maraichaires,darkgreen,15,12,15,1,15,2,15,9,2,10,1,4,15,11,5,10,100,700,0.65,30,700,25
Persil,culture annuelle,cultures maraichaires,darkred,15,12,15,1,15,2,15,9,2,10,1,4,15,11,5,10,100,700,0.65,30,700,24
Interculture,culture annuelle,cereale,brown,15,8,1,9,15,9,1,10,0,0,15,8,1,9,15,40,90,2000,0.5,50,600,0

