nom_id;code occupation sol;type;types_specialise;couleur;debut_jour_pousse;debut_mois_pousse;debut_jour_coupe1;debut_mois_coupe1;frequence_coupe_suivantes(jours);fin_jour_coupe;fin_mois_coupe;nb_coupes;debut_jour_labour;debut_mois_labour;final_jour_labour;final_mois_labour;debut_jour_semis;debut_mois_semis;final_jour_semis;final_mois_semis;nb_binage;mois_binage;debut_jour_recolte;debut_mois_recolte;final_jour_recolte;final_mois_recolte;nom;tb;dd1;dd2;dd3;ddmax;Kcmin;Kcmax;Zrmin;Zrmax;coef_F2;id;ibm_max
Mais;1;culture annuelle;cereale;yellow;9999;9999;9999;9999;9999;9999;9999;9999;1;3;30;3;15;4;15;5;2;6;15;10;15;11;Mais;5;300;800;1800;3000;0.4;1.1;0.1;0.4;50;2;600
Ble;2;culture annuelle;cereale;lime;9999;9999;9999;9999;9999;9999;9999;9999;1;1;1;1;1;1;1;1;0;7;1;7;30;7;Ble;5;300;800;1800;3000;0.4;1.1;0.1;0.4;50;1;600
Orge;3;culture annuelle;cereale;blue;9999;9999;9999;9999;9999;9999;9999;9999;1;1;1;1;1;1;1;1;0;6;15;6;15;7;Orge;5;300;800;1800;3000;0.4;1.1;0.1;0.4;50;3;600
Ble printemps;4;culture annuelle;cereale;green;9999;9999;9999;9999;9999;9999;9999;9999;1;3;30;3;15;4;15;5;2;6;15;10;15;11;Ble printemps;5;300;800;1800;3000;0.4;1.1;0.1;0.4;50;4;600
Colza;5;culture annuelle;cereale;olive;9999;9999;9999;9999;9999;9999;9999;9999;1;1;1;1;1;1;1;1;0;6;15;6;15;7;Colza;5;300;800;1800;3000;0.4;1.1;0.1;0.5;50;5;600
Soja;6;culture annuelle;cereale;lightgreen;9999;9999;9999;9999;9999;9999;9999;9999;1;3;30;3;15;4;15;5;2;6;15;10;15;11;Soja;5;300;800;1800;3000;0.4;1.1;0.1;0.5;50;5;600
Tournesol;7;culture annuelle;cereale;goldenrod;9999;9999;9999;9999;9999;9999;9999;9999;1;1;1;1;1;1;1;1;0;6;15;6;15;7;Tournesol;5;300;800;1800;3000;0.4;1.1;0.1;0.3;50;6;600
Pomme de terre;8;culture annuelle;cultures maraichaires;orange;9999;9999;9999;9999;9999;9999;9999;9999;1;3;30;3;15;4;15;5;2;6;15;10;15;11;Pomme de terre;5;112.5;800;1425;1500;0.5;1.1;0.1;0.3;30;25;600
Poireau;9;culture annuelle;cultures maraichaires;darkgray;9999;9999;9999;9999;9999;9999;9999;9999;1;3;30;3;15;4;15;5;2;6;15;10;15;11;Poireau;5;100;800;1400;1700;0.5;1.1;0.1;0.3;30;25;600
Chou;10;culture annuelle;cultures maraichaires;red;9999;9999;9999;9999;9999;9999;9999;9999;1;3;30;3;15;4;15;5;2;6;15;10;15;11;Chou;5;100;800;1400;1700;0.5;1.1;0.1;0.3;30;16;600
Betterave;11;culture annuelle;cultures maraichaires;cyan;9999;9999;9999;9999;9999;9999;9999;9999;1;3;30;3;15;4;15;5;2;6;15;10;15;11;Betterave;5;60;600;760;1500;0.5;1.1;0.1;0.3;30;24;600
Oignon;12;culture annuelle;cultures maraichaires;coral;9999;9999;9999;9999;9999;9999;9999;9999;1;3;30;3;15;4;15;5;2;6;15;10;15;11;Oignon;5;52.5;500;665;1500;0.5;1.1;0.1;0.3;30;25;600
Salade;13;culture annuelle;cultures maraichaires;gray;9999;9999;9999;9999;9999;9999;9999;9999;1;3;30;3;15;4;15;5;2;6;15;10;15;11;Salade;5;52.5;500;665;700;0.5;1.1;0.1;0.3;30;25;600
Epinard;14;culture annuelle;cultures maraichaires;darkgreen;9999;9999;9999;9999;9999;9999;9999;9999;1;3;30;3;15;4;15;5;2;6;15;10;15;11;Epinard;5;52.5;500;665;700;0.5;1.1;0.1;0.3;30;25;600
Persil;15;culture annuelle;cultures maraichaires;darkred;9999;9999;9999;9999;9999;9999;9999;9999;1;3;30;3;15;4;15;5;2;6;15;10;15;11;Persil;5;52.5;500;665;700;0.5;1.1;0.1;0.3;30;24;600
Interculture;16;culture annuelle;cereale;magenta;9999;9999;9999;9999;9999;9999;9999;9999;1;1;1;1;1;1;1;1;0;0;31;3;15;4;Interculture;5;300;800;1800;2000;0.4;1.1;0.1;0.4;50;0;600
PL;17;culture pluriannuelle;prairie;chartreuse;1;1;30;4;21;30;9;9999;9999;9999;9999;9999;9999;9999;9999;9999;9999;9999;9999;9999;9999;9999;PL;-1;150;300;2850;3000;0.2;1;0.1;0.7;9999;;600
FPL;18;culture pluriannuelle;prairie;darkgreen;1;1;15;6;21;30;9;9999;9999;9999;9999;9999;9999;9999;9999;9999;9999;9999;9999;9999;9999;9999;FPL;-1;150;300;2850;3000;0.2;1;0.1;0.7;9999;;600
F2C_PP;19;culture pluriannuelle;prairie;darkolivegreen;1;1;30;5;45;30;9;2;9999;9999;9999;9999;9999;9999;9999;9999;9999;9999;9999;9999;9999;9999;F2C;-1;150;300;2850;3000;0.2;1;0.1;0.7;9999;;600
FP;20;culture pluriannuelle;prairie;darkorange;1;1;15;6;30;30;9;9999;9999;9999;9999;9999;9999;9999;9999;9999;9999;9999;9999;9999;9999;9999;FPG;-1;150;300;2850;3000;0.2;1;0.1;0.7;9999;;600
F;21;culture pluriannuelle;prairie;darkorchid;1;1;10;7;0;30;9;1;9999;9999;9999;9999;9999;9999;9999;9999;9999;9999;9999;9999;9999;9999;F1C;-1;150;300;2850;3000;0.2;1;0.1;0.7;9999;;600
P;22;culture pluriannuelle;prairie;darkseagreen;1;1;30;4;30;30;9;9999;9999;9999;9999;9999;9999;9999;9999;9999;9999;9999;9999;9999;9999;9999;P;-1;150;300;2850;3000;0.2;1;0.1;0.7;9999;;600
F2C_PT;23;culture pluriannuelle;prairie;darkslategray;1;1;30;5;21;30;9;3;9999;9999;9999;9999;9999;9999;9999;9999;9999;9999;9999;9999;9999;9999;PT;-1;150;300;2850;3000;0.2;1;0.1;0.7;9999;;600
vigne;24;culture pluriannuelle;prairie;darkturquoise;1;1;30;4;30;30;9;9999;9999;9999;9999;9999;9999;9999;9999;9999;9999;9999;9999;9999;9999;9999;P;-1;150;300;2850;3000;0.2;1;0.1;0.7;9999;;600
verger;25;culture pluriannuelle;prairie;darkviolet;1;1;30;5;21;30;9;9999;9999;9999;9999;9999;9999;9999;9999;9999;9999;9999;9999;9999;9999;9999;FP;-1;150;300;2850;3000;0.2;1;0.1;0.7;9999;;600
foret feuillu;26;culture pluriannuelle;foret;forestgreen;1;1;15;11;0;9999;9999;9999;9999;9999;9999;9999;9999;9999;9999;9999;9999;9999;9999;9999;9999;9999;foret feuillu;1;300;675;2700;3000;0.25;1;0.7;1.5;9999;;600
foret conifere;27;culture pluriannuelle;foret;palegreen;1;1;31;12;0;9999;9999;9999;9999;9999;9999;9999;9999;9999;9999;9999;9999;9999;9999;9999;9999;9999;foret conifere;0;300;675;2700;3000;0.9;0.9;0.7;1.5;9999;;600
urban;28;non cultive;impermeable;whitesmoke;1;1;1;1;0;9999;9999;9999;9999;9999;9999;9999;9999;9999;9999;9999;9999;9999;9999;9999;9999;9999;urban;0;0;0;0;0;1;1;0;0;9999;;600
lawn;29;culture pluriannuelle;prairie;springgreen;1;1;30;4;15;30;9;9999;9999;9999;9999;9999;9999;9999;9999;9999;9999;9999;9999;9999;9999;9999;lawn;7;187.5;437.5;2125;2500;0.2;1;0.1;0.5;9999;;600
be;30;culture pluriannuelle;prairie;springgreen;1;1;30;4;45;30;9;9999;9999;9999;9999;9999;9999;9999;9999;9999;9999;9999;9999;9999;9999;9999;bande enherbee;-1;150;300;2850;3000;0.2;1;0.1;0.7;9999;;600
