<?xml version="1.0" encoding="UTF-8"?>
<feature
      id="com.jrockit.mc.feature.flightrecorder"
      label="%name"
      version="5.5.2.174165"
      provider-name="%provider">

   <description url="%descriptionUrl">
      %description
   </description>

   <copyright>
      %copyright
   </copyright>

   <license url="%licenseUrl">
      %license
   </license>

   <requires>
      <import feature="com.jrockit.mc.feature.core" match="equivalent"/>
   </requires>

   <plugin
         id="com.jrockit.mc.flightrecorder"
         download-size="0"
         install-size="0"
         version="5.5.2.174165"
         unpack="false"/>

   <plugin
         id="com.jrockit.mc.flightrecorder.ui"
         download-size="0"
         install-size="0"
         version="5.5.2.174165"
         unpack="false"/>

   <plugin
         id="com.jrockit.mc.greychart.ui"
         download-size="0"
         install-size="0"
         version="5.5.2.174165"
         unpack="false"/>

   <plugin
         id="com.jrockit.mc.components.ui"
         download-size="0"
         install-size="0"
         version="5.5.2.174165"
         unpack="false"/>

   <plugin
         id="com.jrockit.mc.flightrecorder.controlpanel.ui"
         download-size="0"
         install-size="0"
         version="5.5.2.174165"
         unpack="false"/>

   <plugin
         id="com.jrockit.mc.flightrecorder.controlpanel.ui.configuration"
         download-size="0"
         install-size="0"
         version="5.5.2.174165"
         unpack="false"/>

   <plugin
         id="com.jrockit.mc.flightrecorder.configuration"
         download-size="0"
         install-size="0"
         version="5.5.2.174165"
         unpack="false"/>

</feature>
