<?xml version="1.0" encoding="UTF-8"?>
<feature
      id="ummisco.gama.feature.core.ui"
      label="Common UI Components of GAMA"
      version="1.7.0.201908010650"
      provider-name="UMMISCO">

   <description url="http://gama-platform.org">
      The common UI components of GAMA
   </description>

   <copyright url="http://www.example.com/copyright">
      [Enter Copyright Description here.]
   </copyright>

   <license url="http://www.example.com/license">
      [Enter License Description here.]
   </license>

   <url>
      <update label="Gama 1.7.x Update Site" url="http://updates.gama-platform.org"/>
   </url>

   <plugin
         id="msi.gama.application"
         download-size="197"
         install-size="1548"
         version="1.7.0.201908010650"/>

   <plugin
         id="ummisco.gama.ui.shared"
         download-size="633"
         install-size="900"
         version="1.7.0.201908010650"/>

</feature>
