<?xml version="1.0" encoding="UTF-8"?>
<feature
      id="ummisco.gama.feature.models"
      label="Models"
      version="1.7.0.201908010650"
      provider-name="UMMISCO"
      colocation-affinity="ummisco.gama.feature.core">

   <description url="http://www.gama-platform.org">
      The library of models of GAMA 1.7.x
   </description>

   <copyright url="http://www.example.com/copyright">
      [Enter Copyright Description here.]
   </copyright>

   <license url="http://www.example.com/license">
      [Enter License Description here.]
   </license>

   <url>
      <update label="Gama 1.7.x Update Site" url="http://updates.gama-platform.org"/>
   </url>

   <plugin
         id="msi.gama.models"
         download-size="5685"
         install-size="11170"
         version="1.7.0.201908010650"/>

</feature>
