<?xml version="1.0" encoding="UTF-8"?>
<metadata xml:lang="fr"><Esri><CreaDate>20150515</CreaDate><CreaTime>17093200</CreaTime><ArcGISFormat>1.0</ArcGISFormat><SyncOnce>TRUE</SyncOnce><DataProperties><lineage><Process ToolSource="c:\program files (x86)\arcgis\desktop10.2\ArcToolbox\Toolboxes\Data Management Tools.tbx\CalculateField" Date="20150515" Time="170932">CalculateField "Etude R&amp;E\Fossé - R&amp;E" Id [FID] VB #</Process><Process ToolSource="c:\program files (x86)\arcgis\desktop10.2\ArcToolbox\Toolboxes\Data Management Tools.tbx\CalculateField" Date="20150515" Time="171111">CalculateField "Etude R&amp;E\Fossé - R&amp;E" SurfCollec 1.2 VB #</Process><Process ToolSource="c:\program files (x86)\arcgis\desktop10.2\ArcToolbox\Toolboxes\Data Management Tools.tbx\CalculateField" Date="20150515" Time="171436">CalculateField "Etude R&amp;E\Fossé - R&amp;E" SurfCollec 2.5 VB #</Process><Process ToolSource="c:\program files (x86)\arcgis\desktop10.2\ArcToolbox\Toolboxes\Data Management Tools.tbx\CalculateField" Date="20150515" Time="171459">CalculateField "Etude R&amp;E\Fossé - R&amp;E" SurfCollec 1.6 VB #</Process><Process ToolSource="c:\program files (x86)\arcgis\desktop10.2\ArcToolbox\Toolboxes\Data Management Tools.tbx\CalculateField" Date="20150515" Time="171518">CalculateField "Etude R&amp;E\Fossé - R&amp;E" SurfCollec 2.4 VB #</Process><Process ToolSource="c:\program files (x86)\arcgis\desktop10.2\ArcToolbox\Toolboxes\Data Management Tools.tbx\CalculateField" Date="20150515" Time="171555">CalculateField "Etude R&amp;E\Fossé - R&amp;E" SurfCollec 3.4 VB #</Process><Process ToolSource="c:\program files (x86)\arcgis\desktop10.2\ArcToolbox\Toolboxes\Data Management Tools.tbx\CalculateField" Date="20150515" Time="171612">CalculateField "Etude R&amp;E\Fossé - R&amp;E" SurfCollec 1.7 VB #</Process><Process ToolSource="c:\program files (x86)\arcgis\desktop10.2\ArcToolbox\Toolboxes\Data Management Tools.tbx\CalculateField" Date="20150515" Time="171916">CalculateField "Etude R&amp;E\Fossé - R&amp;E" SurfCollec 4.8 VB #</Process><Process ToolSource="c:\program files (x86)\arcgis\desktop10.2\ArcToolbox\Toolboxes\Data Management Tools.tbx\CalculateField" Date="20150515" Time="171930">CalculateField "Etude R&amp;E\Fossé - R&amp;E" SurfCollec 5.1 VB #</Process><Process ToolSource="c:\program files (x86)\arcgis\desktop10.2\ArcToolbox\Toolboxes\Data Management Tools.tbx\CalculateField" Date="20150515" Time="171944">CalculateField "Etude R&amp;E\Fossé - R&amp;E" SurfCollec 19.5 VB #</Process><Process ToolSource="c:\program files (x86)\arcgis\desktop10.2\ArcToolbox\Toolboxes\Data Management Tools.tbx\CalculateField" Date="20150515" Time="172021">CalculateField "Etude R&amp;E\Fossé - R&amp;E" SurfCollec 22.3 VB #</Process><Process ToolSource="c:\program files (x86)\arcgis\desktop10.2\ArcToolbox\Toolboxes\Data Management Tools.tbx\CalculateField" Date="20150515" Time="172125">CalculateField "Etude R&amp;E\Fossé - R&amp;E" SurfCollec 14.8 VB #</Process><Process ToolSource="c:\program files (x86)\arcgis\desktop10.2\ArcToolbox\Toolboxes\Data Management Tools.tbx\CalculateField" Date="20150515" Time="172202">CalculateField "Etude R&amp;E\Fossé - R&amp;E" SurfCollec 0.7 VB #</Process><Process ToolSource="c:\program files (x86)\arcgis\desktop10.2\ArcToolbox\Toolboxes\Data Management Tools.tbx\CalculateField" Date="20150515" Time="172214">CalculateField "Etude R&amp;E\Fossé - R&amp;E" SurfCollec 1.6 VB #</Process><Process ToolSource="c:\program files (x86)\arcgis\desktop10.2\ArcToolbox\Toolboxes\Data Management Tools.tbx\CalculateField" Date="20150515" Time="172247">CalculateField "Etude R&amp;E\Fossé - R&amp;E" SurfCollec 1.6 VB #</Process><Process ToolSource="c:\program files (x86)\arcgis\desktop10.2\ArcToolbox\Toolboxes\Data Management Tools.tbx\CalculateField" Date="20150515" Time="172303">CalculateField "Etude R&amp;E\Fossé - R&amp;E" SurfCollec 0.7 VB #</Process><Process ToolSource="c:\program files (x86)\arcgis\desktop10.2\ArcToolbox\Toolboxes\Data Management Tools.tbx\CalculateField" Date="20150515" Time="172319">CalculateField "Etude R&amp;E\Fossé - R&amp;E" SurfCollec 4.1 VB #</Process><Process ToolSource="c:\program files (x86)\arcgis\desktop10.2\ArcToolbox\Toolboxes\Data Management Tools.tbx\CalculateField" Date="20150515" Time="172337">CalculateField "Etude R&amp;E\Fossé - R&amp;E" SurfCollec 1.2 VB #</Process><Process ToolSource="c:\program files (x86)\arcgis\desktop10.2\ArcToolbox\Toolboxes\Data Management Tools.tbx\CalculateField" Date="20150515" Time="172350">CalculateField "Etude R&amp;E\Fossé - R&amp;E" SurfCollec 8.4 VB #</Process><Process ToolSource="c:\program files (x86)\arcgis\desktop10.2\ArcToolbox\Toolboxes\Data Management Tools.tbx\CalculateField" Date="20150515" Time="172404">CalculateField "Etude R&amp;E\Fossé - R&amp;E" SurfCollec 2.9 VB #</Process><Process ToolSource="c:\program files (x86)\arcgis\desktop10.2\ArcToolbox\Toolboxes\Data Management Tools.tbx\CalculateField" Date="20150515" Time="172416">CalculateField "Etude R&amp;E\Fossé - R&amp;E" SurfCollec 25.1 VB #</Process><Process ToolSource="c:\program files (x86)\arcgis\desktop10.2\ArcToolbox\Toolboxes\Data Management Tools.tbx\CalculateField" Date="20150515" Time="172429">CalculateField "Etude R&amp;E\Fossé - R&amp;E" SurfCollec 21.9 VB #</Process><Process ToolSource="c:\program files (x86)\arcgis\desktop10.2\ArcToolbox\Toolboxes\Data Management Tools.tbx\CalculateField" Date="20150515" Time="172445">CalculateField "Etude R&amp;E\Fossé - R&amp;E" SurfCollec 3.6 VB #</Process><Process ToolSource="c:\program files (x86)\arcgis\desktop10.2\ArcToolbox\Toolboxes\Data Management Tools.tbx\CalculateField" Date="20150515" Time="172456">CalculateField "Etude R&amp;E\Fossé - R&amp;E" SurfCollec 6.5 VB #</Process><Process ToolSource="c:\program files (x86)\arcgis\desktop10.2\ArcToolbox\Toolboxes\Data Management Tools.tbx\CalculateField" Date="20150515" Time="172517">CalculateField "Etude R&amp;E\Fossé - R&amp;E" SurfCollec 15.4 VB #</Process><Process ToolSource="c:\program files (x86)\arcgis\desktop10.2\ArcToolbox\Toolboxes\Data Management Tools.tbx\CalculateField" Date="20150515" Time="172918">CalculateField "Etude R&amp;E\Fossé - R&amp;E" SurfCollec 1.1 VB #</Process><Process ToolSource="c:\program files (x86)\arcgis\desktop10.2\ArcToolbox\Toolboxes\Data Management Tools.tbx\CalculateField" Date="20150515" Time="172940">CalculateField "Etude R&amp;E\Fossé - R&amp;E" SurfCollec 2.3 VB #</Process><Process ToolSource="c:\program files (x86)\arcgis\desktop10.2\ArcToolbox\Toolboxes\Data Management Tools.tbx\CalculateField" Date="20150515" Time="172958">CalculateField "Etude R&amp;E\Fossé - R&amp;E" SurfCollec 12.3 VB #</Process><Process ToolSource="c:\program files (x86)\arcgis\desktop10.2\ArcToolbox\Toolboxes\Data Management Tools.tbx\CalculateField" Date="20150515" Time="173105">CalculateField "Etude R&amp;E\Fossé - R&amp;E" SCollCumul [SurfCollec] VB #</Process><Process ToolSource="c:\program files (x86)\arcgis\desktop10.2\ArcToolbox\Toolboxes\Data Management Tools.tbx\CalculateField" Date="20150515" Time="173152">CalculateField "Etude R&amp;E\Fossé - R&amp;E" SCollCumul 3.7 VB #</Process><Process ToolSource="c:\program files (x86)\arcgis\desktop10.2\ArcToolbox\Toolboxes\Data Management Tools.tbx\CalculateField" Date="20150515" Time="173225">CalculateField "Etude R&amp;E\Fossé - R&amp;E" SCollCumul 5.8 VB #</Process><Process ToolSource="c:\program files (x86)\arcgis\desktop10.2\ArcToolbox\Toolboxes\Data Management Tools.tbx\CalculateField" Date="20150515" Time="173300">CalculateField "Etude R&amp;E\Fossé - R&amp;E" SCollCumul 7.4 VB #</Process><Process ToolSource="c:\program files (x86)\arcgis\desktop10.2\ArcToolbox\Toolboxes\Data Management Tools.tbx\CalculateField" Date="20150515" Time="173319">CalculateField "Etude R&amp;E\Fossé - R&amp;E" SCollCumul 9.9 VB #</Process><Process ToolSource="c:\program files (x86)\arcgis\desktop10.2\ArcToolbox\Toolboxes\Data Management Tools.tbx\CalculateField" Date="20150515" Time="173330">CalculateField "Etude R&amp;E\Fossé - R&amp;E" SCollCumul 5.1 VB #</Process><Process ToolSource="c:\program files (x86)\arcgis\desktop10.2\ArcToolbox\Toolboxes\Data Management Tools.tbx\CalculateField" Date="20150515" Time="173431">CalculateField "Etude R&amp;E\Fossé - R&amp;E" SCollCumul 27 VB #</Process><Process ToolSource="c:\program files (x86)\arcgis\desktop10.2\ArcToolbox\Toolboxes\Data Management Tools.tbx\CalculateField" Date="20150515" Time="173500">CalculateField "Etude R&amp;E\Fossé - R&amp;E" SCollCumul 3.9 VB #</Process><Process ToolSource="c:\program files (x86)\arcgis\desktop10.2\ArcToolbox\Toolboxes\Data Management Tools.tbx\CalculateField" Date="20150515" Time="173532">CalculateField "Etude R&amp;E\Fossé - R&amp;E" SCollCumul 33.2 VB #</Process><Process ToolSource="c:\program files (x86)\arcgis\desktop10.2\ArcToolbox\Toolboxes\Data Management Tools.tbx\CalculateField" Date="20150515" Time="173647">CalculateField "Etude R&amp;E\Fossé - R&amp;E" SCollCumul 34.9 VB #</Process><Process ToolSource="c:\program files (x86)\arcgis\desktop10.2\ArcToolbox\Toolboxes\Data Management Tools.tbx\CalculateField" Date="20150515" Time="173717">CalculateField "Etude R&amp;E\Fossé - R&amp;E" SCollCumul 19.7 VB #</Process><Process ToolSource="c:\program files (x86)\arcgis\desktop10.2\ArcToolbox\Toolboxes\Data Management Tools.tbx\CalculateField" Date="20150515" Time="174502">CalculateField "Etude R&amp;E\Fossé - R&amp;E" SCollCumul 114 VB #</Process><Process ToolSource="c:\program files (x86)\arcgis\desktop10.2\ArcToolbox\Toolboxes\Data Management Tools.tbx\CalculateField" Date="20150515" Time="174605">CalculateField "Etude R&amp;E\Fossé - R&amp;E" SCollCumul 12.5 VB #</Process><Process ToolSource="c:\program files (x86)\arcgis\desktop10.2\ArcToolbox\Toolboxes\Data Management Tools.tbx\CalculateField" Date="20150515" Time="174617">CalculateField "Etude R&amp;E\Fossé - R&amp;E" SCollCumul 1.2 VB #</Process><Process ToolSource="c:\program files (x86)\arcgis\desktop10.2\ArcToolbox\Toolboxes\Data Management Tools.tbx\CalculateField" Date="20150515" Time="174626">CalculateField "Etude R&amp;E\Fossé - R&amp;E" SCollCumul 8.4 VB #</Process><Process ToolSource="c:\program files (x86)\arcgis\desktop10.2\ArcToolbox\Toolboxes\Data Management Tools.tbx\CalculateField" Date="20150515" Time="174701">CalculateField "Etude R&amp;E\Fossé - R&amp;E" SCollCumul 148.4 VB #</Process><Process ToolSource="c:\program files (x86)\arcgis\desktop10.2\ArcToolbox\Toolboxes\Data Management Tools.tbx\CalculateField" Date="20150515" Time="174736">CalculateField "Etude R&amp;E\Fossé - R&amp;E" SCollCumul 158.5 VB #</Process><Process ToolSource="c:\program files (x86)\arcgis\desktop10.2\ArcToolbox\Toolboxes\Data Management Tools.tbx\CalculateField" Date="20150515" Time="174815">CalculateField "Etude R&amp;E\Fossé - R&amp;E" Hierarchie 1 VB #</Process><Process ToolSource="c:\program files (x86)\arcgis\desktop10.2\ArcToolbox\Toolboxes\Data Management Tools.tbx\CalculateField" Date="20150515" Time="174824">CalculateField "Etude R&amp;E\Fossé - R&amp;E" Hierarchie 1 VB #</Process><Process ToolSource="c:\program files (x86)\arcgis\desktop10.2\ArcToolbox\Toolboxes\Data Management Tools.tbx\CalculateField" Date="20150515" Time="174837">CalculateField "Etude R&amp;E\Fossé - R&amp;E" Hierarchie 1 VB #</Process><Process ToolSource="c:\program files (x86)\arcgis\desktop10.2\ArcToolbox\Toolboxes\Data Management Tools.tbx\CalculateField" Date="20150515" Time="174850">CalculateField "Etude R&amp;E\Fossé - R&amp;E" Hierarchie 1 VB #</Process><Process ToolSource="c:\program files (x86)\arcgis\desktop10.2\ArcToolbox\Toolboxes\Data Management Tools.tbx\CalculateField" Date="20150515" Time="174857">CalculateField "Etude R&amp;E\Fossé - R&amp;E" Hierarchie 1 VB #</Process><Process ToolSource="c:\program files (x86)\arcgis\desktop10.2\ArcToolbox\Toolboxes\Data Management Tools.tbx\CalculateField" Date="20150515" Time="174902">CalculateField "Etude R&amp;E\Fossé - R&amp;E" Hierarchie 1 VB #</Process><Process ToolSource="c:\program files (x86)\arcgis\desktop10.2\ArcToolbox\Toolboxes\Data Management Tools.tbx\CalculateField" Date="20150515" Time="174916">CalculateField "Etude R&amp;E\Fossé - R&amp;E" Hierarchie 1 VB #</Process><Process ToolSource="c:\program files (x86)\arcgis\desktop10.2\ArcToolbox\Toolboxes\Data Management Tools.tbx\CalculateField" Date="20150515" Time="174929">CalculateField "Etude R&amp;E\Fossé - R&amp;E" Hierarchie 2 VB #</Process><Process ToolSource="c:\program files (x86)\arcgis\desktop10.2\ArcToolbox\Toolboxes\Data Management Tools.tbx\CalculateField" Date="20150515" Time="174945">CalculateField "Etude R&amp;E\Fossé - R&amp;E" Hierarchie 2 VB #</Process><Process ToolSource="c:\program files (x86)\arcgis\desktop10.2\ArcToolbox\Toolboxes\Data Management Tools.tbx\CalculateField" Date="20150515" Time="174950">CalculateField "Etude R&amp;E\Fossé - R&amp;E" Hierarchie 2 VB #</Process><Process ToolSource="c:\program files (x86)\arcgis\desktop10.2\ArcToolbox\Toolboxes\Data Management Tools.tbx\CalculateField" Date="20150515" Time="174957">CalculateField "Etude R&amp;E\Fossé - R&amp;E" Hierarchie 2 VB #</Process><Process ToolSource="c:\program files (x86)\arcgis\desktop10.2\ArcToolbox\Toolboxes\Data Management Tools.tbx\CalculateField" Date="20150515" Time="175014">CalculateField "Etude R&amp;E\Fossé - R&amp;E" Hierarchie 2 VB #</Process><Process ToolSource="c:\program files (x86)\arcgis\desktop10.2\ArcToolbox\Toolboxes\Data Management Tools.tbx\CalculateField" Date="20150515" Time="175029">CalculateField "Etude R&amp;E\Fossé - R&amp;E" Hierarchie 3 VB #</Process><Process ToolSource="c:\program files (x86)\arcgis\desktop10.2\ArcToolbox\Toolboxes\Data Management Tools.tbx\CalculateField" Date="20150515" Time="175045">CalculateField "Etude R&amp;E\Fossé - R&amp;E" Hierarchie 3 VB #</Process><Process ToolSource="c:\program files (x86)\arcgis\desktop10.2\ArcToolbox\Toolboxes\Data Management Tools.tbx\CalculateField" Date="20150515" Time="175131">CalculateField "Etude R&amp;E\Fossé - R&amp;E" Hierarchie 1 VB #</Process><Process ToolSource="c:\program files (x86)\arcgis\desktop10.2\ArcToolbox\Toolboxes\Data Management Tools.tbx\CalculateField" Date="20150515" Time="175141">CalculateField "Etude R&amp;E\Fossé - R&amp;E" Hierarchie 4 VB #</Process><Process ToolSource="c:\program files (x86)\arcgis\desktop10.2\ArcToolbox\Toolboxes\Data Management Tools.tbx\CalculateField" Date="20150515" Time="175152">CalculateField "Etude R&amp;E\Fossé - R&amp;E" Hierarchie 5 VB #</Process><Process ToolSource="c:\program files (x86)\arcgis\desktop10.2\ArcToolbox\Toolboxes\Data Management Tools.tbx\CalculateField" Date="20150515" Time="175207">CalculateField "Etude R&amp;E\Fossé - R&amp;E" Hierarchie 4 VB #</Process><Process ToolSource="c:\program files (x86)\arcgis\desktop10.2\ArcToolbox\Toolboxes\Data Management Tools.tbx\CalculateField" Date="20150515" Time="175224">CalculateField "Etude R&amp;E\Fossé - R&amp;E" Hierarchie 6 VB #</Process><Process ToolSource="c:\program files (x86)\arcgis\desktop10.2\ArcToolbox\Toolboxes\Data Management Tools.tbx\CalculateField" Date="20150515" Time="175239">CalculateField "Etude R&amp;E\Fossé - R&amp;E" Hierarchie 7 VB #</Process><Process ToolSource="c:\program files (x86)\arcgis\desktop10.2\ArcToolbox\Toolboxes\Data Management Tools.tbx\CalculateField" Date="20150515" Time="175248">CalculateField "Etude R&amp;E\Fossé - R&amp;E" Hierarchie 8 VB #</Process><Process ToolSource="c:\program files (x86)\arcgis\desktop10.2\ArcToolbox\Toolboxes\Data Management Tools.tbx\CalculateField" Date="20150517" Time="115815">CalculateField "Etude R&amp;E\Fossé - R&amp;E" Hierarchie 1 VB #</Process><Process ToolSource="c:\program files (x86)\arcgis\desktop10.2\ArcToolbox\Toolboxes\Data Management Tools.tbx\CalculateField" Date="20150517" Time="115917">CalculateField "Etude R&amp;E\Fossé - R&amp;E" Hierarchie 2 VB #</Process><Process ToolSource="c:\program files (x86)\arcgis\desktop10.2\ArcToolbox\Toolboxes\Data Management Tools.tbx\CalculateField" Date="20150517" Time="115926">CalculateField "Etude R&amp;E\Fossé - R&amp;E" Hierarchie 3 VB #</Process><Process ToolSource="c:\program files (x86)\arcgis\desktop10.2\ArcToolbox\Toolboxes\Data Management Tools.tbx\CalculateField" Date="20150517" Time="115933">CalculateField "Etude R&amp;E\Fossé - R&amp;E" Hierarchie 4 VB #</Process><Process ToolSource="c:\program files (x86)\arcgis\desktop10.2\ArcToolbox\Toolboxes\Data Management Tools.tbx\CalculateField" Date="20150517" Time="120054">CalculateField "Etude R&amp;E\Fossé - R&amp;E" Hierarchie 5 VB #</Process><Process ToolSource="c:\program files (x86)\arcgis\desktop10.2\ArcToolbox\Toolboxes\Data Management Tools.tbx\CalculateField" Date="20150517" Time="120141">CalculateField "Etude R&amp;E\Fossé - R&amp;E" Hierarchie 6 VB #</Process><Process ToolSource="c:\program files (x86)\arcgis\desktop10.2\ArcToolbox\Toolboxes\Data Management Tools.tbx\CalculateField" Date="20150517" Time="120152">CalculateField "Etude R&amp;E\Fossé - R&amp;E" Hierarchie 7 VB #</Process><Process ToolSource="c:\program files (x86)\arcgis\desktop10.2\ArcToolbox\Toolboxes\Data Management Tools.tbx\CalculateField" Date="20150517" Time="120205">CalculateField "Etude R&amp;E\Fossé - R&amp;E" Hierarchie 2 VB #</Process><Process ToolSource="c:\program files (x86)\arcgis\desktop10.2\ArcToolbox\Toolboxes\Data Management Tools.tbx\CalculateField" Date="20150517" Time="120224">CalculateField "Etude R&amp;E\Fossé - R&amp;E" Hierarchie 8 VB #</Process><Process ToolSource="c:\program files (x86)\arcgis\desktop10.2\ArcToolbox\Toolboxes\Data Management Tools.tbx\CalculateField" Date="20150517" Time="120244">CalculateField "Etude R&amp;E\Fossé - R&amp;E" Hierarchie 2 VB #</Process><Process ToolSource="c:\program files (x86)\arcgis\desktop10.2\ArcToolbox\Toolboxes\Data Management Tools.tbx\CalculateField" Date="20150517" Time="120347">CalculateField "Etude R&amp;E\Fossé - R&amp;E" Hierarchie 2 VB #</Process><Process ToolSource="c:\program files (x86)\arcgis\desktop10.2\ArcToolbox\Toolboxes\Data Management Tools.tbx\CalculateField" Date="20150517" Time="120359">CalculateField "Etude R&amp;E\Fossé - R&amp;E" Hierarchie 9 VB #</Process><Process ToolSource="c:\program files (x86)\arcgis\desktop10.2\ArcToolbox\Toolboxes\Data Management Tools.tbx\CalculateField" Date="20150517" Time="120410">CalculateField "Etude R&amp;E\Fossé - R&amp;E" Hierarchie 10 VB #</Process><Process ToolSource="c:\program files (x86)\arcgis\desktop10.2\ArcToolbox\Toolboxes\Data Management Tools.tbx\CalculateField" Date="20150517" Time="120424">CalculateField "Etude R&amp;E\Fossé - R&amp;E" Hierarchie 2 VB #</Process><Process ToolSource="c:\program files (x86)\arcgis\desktop10.2\ArcToolbox\Toolboxes\Data Management Tools.tbx\CalculateField" Date="20150517" Time="120431">CalculateField "Etude R&amp;E\Fossé - R&amp;E" Hierarchie 2 VB #</Process><Process ToolSource="c:\program files (x86)\arcgis\desktop10.2\ArcToolbox\Toolboxes\Data Management Tools.tbx\CalculateField" Date="20150517" Time="120514">CalculateField "Etude R&amp;E\Fossé - R&amp;E" Hierarchie 3 VB #</Process><Process ToolSource="c:\program files (x86)\arcgis\desktop10.2\ArcToolbox\Toolboxes\Data Management Tools.tbx\CalculateField" Date="20150517" Time="120523">CalculateField "Etude R&amp;E\Fossé - R&amp;E" Hierarchie 4 VB #</Process><Process ToolSource="c:\program files (x86)\arcgis\desktop10.2\ArcToolbox\Toolboxes\Data Management Tools.tbx\CalculateField" Date="20150517" Time="120539">CalculateField "Etude R&amp;E\Fossé - R&amp;E" Hierarchie 11 VB #</Process><Process ToolSource="c:\program files (x86)\arcgis\desktop10.2\ArcToolbox\Toolboxes\Data Management Tools.tbx\CalculateField" Date="20150517" Time="120546">CalculateField "Etude R&amp;E\Fossé - R&amp;E" Hierarchie 12 VB #</Process><Process ToolSource="c:\program files (x86)\arcgis\desktop10.2\ArcToolbox\Toolboxes\Data Management Tools.tbx\CalculateField" Date="20150517" Time="120557">CalculateField "Etude R&amp;E\Fossé - R&amp;E" Hierarchie 13 VB #</Process><Process ToolSource="c:\program files (x86)\arcgis\desktop10.2\ArcToolbox\Toolboxes\Data Management Tools.tbx\CalculateField" Date="20150517" Time="120613">CalculateField "Etude R&amp;E\Fossé - R&amp;E" Id [FID] VB #</Process><Process ToolSource="c:\program files (x86)\arcgis\desktop10.2\ArcToolbox\Toolboxes\Data Management Tools.tbx\CalculateField" Date="20150518" Time="115017">CalculateField "Etude R&amp;E\Fossé - R&amp;E" Hierarchie 1 VB #</Process><Process ToolSource="c:\program files (x86)\arcgis\desktop10.2\ArcToolbox\Toolboxes\Data Management Tools.tbx\CalculateField" Date="20150518" Time="115028">CalculateField "Etude R&amp;E\Fossé - R&amp;E" Hierarchie 1 VB #</Process><Process ToolSource="c:\program files (x86)\arcgis\desktop10.2\ArcToolbox\Toolboxes\Data Management Tools.tbx\CalculateField" Date="20150518" Time="115036">CalculateField "Etude R&amp;E\Fossé - R&amp;E" Hierarchie 1 VB #</Process><Process ToolSource="c:\program files (x86)\arcgis\desktop10.2\ArcToolbox\Toolboxes\Data Management Tools.tbx\CalculateField" Date="20150518" Time="115043">CalculateField "Etude R&amp;E\Fossé - R&amp;E" Hierarchie 1 VB #</Process><Process ToolSource="c:\program files (x86)\arcgis\desktop10.2\ArcToolbox\Toolboxes\Data Management Tools.tbx\CalculateField" Date="20150518" Time="115058">CalculateField "Etude R&amp;E\Fossé - R&amp;E" Hierarchie 14 VB #</Process><Process ToolSource="c:\program files (x86)\arcgis\desktop10.2\ArcToolbox\Toolboxes\Data Management Tools.tbx\CalculateField" Date="20150518" Time="115113">CalculateField "Etude R&amp;E\Fossé - R&amp;E" Hierarchie 9 VB #</Process><Process ToolSource="c:\program files (x86)\arcgis\desktop10.2\ArcToolbox\Toolboxes\Data Management Tools.tbx\CalculateField" Date="20150518" Time="115124">CalculateField "Etude R&amp;E\Fossé - R&amp;E" Hierarchie 15 VB #</Process><Process ToolSource="c:\program files (x86)\arcgis\desktop10.2\ArcToolbox\Toolboxes\Data Management Tools.tbx\CalculateField" Date="20150518" Time="115148">CalculateField "Etude R&amp;E\Fossé - R&amp;E" Hierarchie 16 VB #</Process><Process ToolSource="c:\program files (x86)\arcgis\desktop10.2\ArcToolbox\Toolboxes\Data Management Tools.tbx\CalculateField" Date="20150518" Time="115157">CalculateField "Etude R&amp;E\Fossé - R&amp;E" Hierarchie 17 VB #</Process><Process ToolSource="c:\program files (x86)\arcgis\desktop10.2\ArcToolbox\Toolboxes\Data Management Tools.tbx\CalculateField" Date="20150518" Time="115205">CalculateField "Etude R&amp;E\Fossé - R&amp;E" Hierarchie 18 VB #</Process><Process ToolSource="c:\program files (x86)\arcgis\desktop10.2\ArcToolbox\Toolboxes\Data Management Tools.tbx\CalculateField" Date="20150518" Time="115212">CalculateField "Etude R&amp;E\Fossé - R&amp;E" Hierarchie 19 VB #</Process><Process ToolSource="c:\program files (x86)\arcgis\desktop10.2\ArcToolbox\Toolboxes\Data Management Tools.tbx\CalculateField" Date="20150518" Time="115226">CalculateField "Etude R&amp;E\Fossé - R&amp;E" Hierarchie 20 VB #</Process><Process ToolSource="c:\program files (x86)\arcgis\desktop10.2\ArcToolbox\Toolboxes\Data Management Tools.tbx\CalculateField" Date="20150518" Time="115234">CalculateField "Etude R&amp;E\Fossé - R&amp;E" Hierarchie 21 VB #</Process><Process ToolSource="c:\program files (x86)\arcgis\desktop10.2\ArcToolbox\Toolboxes\Data Management Tools.tbx\CalculateField" Date="20150518" Time="115242">CalculateField "Etude R&amp;E\Fossé - R&amp;E" Hierarchie 22 VB #</Process><Process ToolSource="c:\program files (x86)\arcgis\desktop10.2\ArcToolbox\Toolboxes\Data Management Tools.tbx\CalculateField" Date="20150518" Time="115249">CalculateField "Etude R&amp;E\Fossé - R&amp;E" Hierarchie 2 VB #</Process><Process ToolSource="c:\program files (x86)\arcgis\desktop10.2\ArcToolbox\Toolboxes\Data Management Tools.tbx\CalculateField" Date="20150518" Time="135730">CalculateField "Etude R&amp;E\Fossé - R&amp;E" Hierarchie 1 VB #</Process><Process ToolSource="c:\program files (x86)\arcgis\desktop10.2\ArcToolbox\Toolboxes\Data Management Tools.tbx\CalculateField" Date="20150518" Time="135737">CalculateField "Etude R&amp;E\Fossé - R&amp;E" Id [FID] VB #</Process><Process ToolSource="c:\program files (x86)\arcgis\desktop10.2\ArcToolbox\Toolboxes\Data Management Tools.tbx\CalculateField" Date="20150518" Time="135755">CalculateField "Etude R&amp;E\Fossé - R&amp;E" Hierarchie 2 VB #</Process><Process ToolSource="c:\program files (x86)\arcgis\desktop10.2\ArcToolbox\Toolboxes\Data Management Tools.tbx\CalculateField" Date="20150518" Time="135846">CalculateField "Etude R&amp;E\Fossé - R&amp;E" Hierarchie 3 VB #</Process><Process ToolSource="c:\program files (x86)\arcgis\desktop10.2\ArcToolbox\Toolboxes\Data Management Tools.tbx\CalculateField" Date="20150518" Time="135855">CalculateField "Etude R&amp;E\Fossé - R&amp;E" Hierarchie 4 VB #</Process><Process ToolSource="c:\program files (x86)\arcgis\desktop10.2\ArcToolbox\Toolboxes\Data Management Tools.tbx\CalculateField" Date="20150518" Time="135910">CalculateField "Etude R&amp;E\Fossé - R&amp;E" Hierarchie 2 VB #</Process><Process ToolSource="c:\program files (x86)\arcgis\desktop10.2\ArcToolbox\Toolboxes\Data Management Tools.tbx\CalculateField" Date="20150518" Time="135939">CalculateField "Etude R&amp;E\Fossé - R&amp;E" Hierarchie 3 VB #</Process><Process ToolSource="c:\program files (x86)\arcgis\desktop10.2\ArcToolbox\Toolboxes\Data Management Tools.tbx\CalculateField" Date="20150518" Time="135951">CalculateField "Etude R&amp;E\Fossé - R&amp;E" Hierarchie 2 VB #</Process><Process ToolSource="c:\program files (x86)\arcgis\desktop10.2\ArcToolbox\Toolboxes\Data Management Tools.tbx\CalculateField" Date="20150518" Time="140010">CalculateField "Etude R&amp;E\Fossé - R&amp;E" Hierarchie 2 VB #</Process><Process ToolSource="c:\program files (x86)\arcgis\desktop10.2\ArcToolbox\Toolboxes\Data Management Tools.tbx\CalculateField" Date="20150518" Time="140030">CalculateField "Etude R&amp;E\Fossé - R&amp;E" Hierarchie 2 VB #</Process><Process ToolSource="c:\program files (x86)\arcgis\desktop10.2\ArcToolbox\Toolboxes\Data Management Tools.tbx\CalculateField" Date="20150518" Time="140042">CalculateField "Etude R&amp;E\Fossé - R&amp;E" Hierarchie 3 VB #</Process><Process ToolSource="c:\program files (x86)\arcgis\desktop10.2\ArcToolbox\Toolboxes\Data Management Tools.tbx\CalculateField" Date="20150518" Time="140104">CalculateField "Etude R&amp;E\Fossé - R&amp;E" Hierarchie 4 VB #</Process><Process ToolSource="c:\program files (x86)\arcgis\desktop10.2\ArcToolbox\Toolboxes\Data Management Tools.tbx\CalculateField" Date="20150518" Time="140115">CalculateField "Etude R&amp;E\Fossé - R&amp;E" Hierarchie 2 VB #</Process><Process ToolSource="c:\program files (x86)\arcgis\desktop10.2\ArcToolbox\Toolboxes\Data Management Tools.tbx\CalculateField" Date="20150518" Time="140130">CalculateField "Etude R&amp;E\Fossé - R&amp;E" Hierarchie 4 VB #</Process><Process ToolSource="c:\program files (x86)\arcgis\desktop10.2\ArcToolbox\Toolboxes\Data Management Tools.tbx\CalculateField" Date="20150518" Time="140137">CalculateField "Etude R&amp;E\Fossé - R&amp;E" Hierarchie 5 VB #</Process><Process ToolSource="c:\program files (x86)\arcgis\desktop10.2\ArcToolbox\Toolboxes\Data Management Tools.tbx\CalculateField" Date="20150518" Time="140151">CalculateField "Etude R&amp;E\Fossé - R&amp;E" Hierarchie 2 VB #</Process><Process ToolSource="c:\program files (x86)\arcgis\desktop10.2\ArcToolbox\Toolboxes\Data Management Tools.tbx\CalculateField" Date="20150518" Time="140216">CalculateField "Etude R&amp;E\Fossé - R&amp;E" Hierarchie 2 VB #</Process><Process ToolSource="c:\program files (x86)\arcgis\desktop10.2\ArcToolbox\Toolboxes\Data Management Tools.tbx\CalculateField" Date="20150518" Time="140223">CalculateField "Etude R&amp;E\Fossé - R&amp;E" Hierarchie 3 VB #</Process><Process ToolSource="c:\program files (x86)\arcgis\desktop10.2\ArcToolbox\Toolboxes\Data Management Tools.tbx\CalculateField" Date="20150518" Time="140229">CalculateField "Etude R&amp;E\Fossé - R&amp;E" Hierarchie 4 VB #</Process><Process ToolSource="c:\program files (x86)\arcgis\desktop10.2\ArcToolbox\Toolboxes\Data Management Tools.tbx\CalculateField" Date="20150518" Time="140242">CalculateField "Etude R&amp;E\Fossé - R&amp;E" Hierarchie 5 VB #</Process><Process ToolSource="c:\program files (x86)\arcgis\desktop10.2\ArcToolbox\Toolboxes\Data Management Tools.tbx\CalculateField" Date="20150518" Time="140248">CalculateField "Etude R&amp;E\Fossé - R&amp;E" Hierarchie 2 VB #</Process><Process ToolSource="c:\program files (x86)\arcgis\desktop10.2\ArcToolbox\Toolboxes\Data Management Tools.tbx\CalculateField" Date="20150518" Time="140311">CalculateField "Etude R&amp;E\Fossé - R&amp;E" Hierarchie 6 VB #</Process><Process ToolSource="c:\program files (x86)\arcgis\desktop10.2\ArcToolbox\Toolboxes\Data Management Tools.tbx\CalculateField" Date="20150518" Time="140318">CalculateField "Etude R&amp;E\Fossé - R&amp;E" Hierarchie 7 VB #</Process><Process ToolSource="c:\program files (x86)\arcgis\desktop10.2\ArcToolbox\Toolboxes\Data Management Tools.tbx\CalculateField" Date="20150518" Time="140337">CalculateField "Etude R&amp;E\Fossé - R&amp;E" Hierarchie 8 VB #</Process><Process ToolSource="c:\program files (x86)\arcgis\desktop10.2\ArcToolbox\Toolboxes\Data Management Tools.tbx\CalculateField" Date="20150518" Time="140350">CalculateField "Etude R&amp;E\Fossé - R&amp;E" Hierarchie 9 VB #</Process><Process ToolSource="c:\program files (x86)\arcgis\desktop10.2\ArcToolbox\Toolboxes\Data Management Tools.tbx\CalculateField" Date="20150518" Time="140358">CalculateField "Etude R&amp;E\Fossé - R&amp;E" Hierarchie 10 VB #</Process><Process ToolSource="c:\program files (x86)\arcgis\desktop10.2\ArcToolbox\Toolboxes\Data Management Tools.tbx\CalculateField" Date="20150518" Time="140406">CalculateField "Etude R&amp;E\Fossé - R&amp;E" Hierarchie 11 VB #</Process><Process ToolSource="c:\program files (x86)\arcgis\desktop10.2\ArcToolbox\Toolboxes\Data Management Tools.tbx\CalculateField" Date="20150518" Time="140438">CalculateField "Etude R&amp;E\Fossé - R&amp;E" Hierarchie 10 VB #</Process><Process ToolSource="c:\program files (x86)\arcgis\desktop10.2\ArcToolbox\Toolboxes\Data Management Tools.tbx\CalculateField" Date="20150518" Time="140446">CalculateField "Etude R&amp;E\Fossé - R&amp;E" Hierarchie 11 VB #</Process><Process ToolSource="c:\program files (x86)\arcgis\desktop10.2\ArcToolbox\Toolboxes\Data Management Tools.tbx\CalculateField" Date="20150518" Time="140459">CalculateField "Etude R&amp;E\Fossé - R&amp;E" Hierarchie 11 VB #</Process><Process ToolSource="c:\program files (x86)\arcgis\desktop10.2\ArcToolbox\Toolboxes\Data Management Tools.tbx\CalculateField" Date="20150518" Time="140506">CalculateField "Etude R&amp;E\Fossé - R&amp;E" Hierarchie 12 VB #</Process><Process ToolSource="c:\program files (x86)\arcgis\desktop10.2\ArcToolbox\Toolboxes\Data Management Tools.tbx\CalculateField" Date="20150518" Time="140518">CalculateField "Etude R&amp;E\Fossé - R&amp;E" Hierarchie 13 VB #</Process><Process ToolSource="c:\program files (x86)\arcgis\desktop10.2\ArcToolbox\Toolboxes\Data Management Tools.tbx\CalculateField" Date="20150518" Time="140525">CalculateField "Etude R&amp;E\Fossé - R&amp;E" Hierarchie 2 VB #</Process><Process ToolSource="c:\program files (x86)\arcgis\desktop10.2\ArcToolbox\Toolboxes\Data Management Tools.tbx\CalculateField" Date="20150518" Time="140533">CalculateField "Etude R&amp;E\Fossé - R&amp;E" Hierarchie 2 VB #</Process><Process ToolSource="c:\program files (x86)\arcgis\desktop10.2\ArcToolbox\Toolboxes\Data Management Tools.tbx\CalculateField" Date="20150518" Time="140541">CalculateField "Etude R&amp;E\Fossé - R&amp;E" Hierarchie 14 VB #</Process><Process ToolSource="c:\program files (x86)\arcgis\desktop10.2\ArcToolbox\Toolboxes\Data Management Tools.tbx\CalculateField" Date="20150518" Time="140548">CalculateField "Etude R&amp;E\Fossé - R&amp;E" Hierarchie 15 VB #</Process><Process ToolSource="c:\program files (x86)\arcgis\desktop10.2\ArcToolbox\Toolboxes\Data Management Tools.tbx\CalculateField" Date="20150518" Time="143210">CalculateField "Etude R&amp;E\Fossé - R&amp;E" SurfCollec 4.1 VB #</Process><Process ToolSource="c:\program files (x86)\arcgis\desktop10.2\ArcToolbox\Toolboxes\Data Management Tools.tbx\CalculateField" Date="20150518" Time="143227">CalculateField "Etude R&amp;E\Fossé - R&amp;E" SurfCollec 4.3 VB #</Process><Process ToolSource="c:\program files (x86)\arcgis\desktop10.2\ArcToolbox\Toolboxes\Data Management Tools.tbx\CalculateField" Date="20150518" Time="143249">CalculateField "Etude R&amp;E\Fossé - R&amp;E" SurfCollec 12.3 VB #</Process><Process ToolSource="c:\program files (x86)\arcgis\desktop10.2\ArcToolbox\Toolboxes\Data Management Tools.tbx\CalculateField" Date="20150518" Time="143310">CalculateField "Etude R&amp;E\Fossé - R&amp;E" SurfCollec 38.5 VB #</Process><Process ToolSource="c:\program files (x86)\arcgis\desktop10.2\ArcToolbox\Toolboxes\Data Management Tools.tbx\CalculateField" Date="20150518" Time="143329">CalculateField "Etude R&amp;E\Fossé - R&amp;E" SurfCollec 38.1 VB #</Process><Process ToolSource="c:\program files (x86)\arcgis\desktop10.2\ArcToolbox\Toolboxes\Data Management Tools.tbx\CalculateField" Date="20150518" Time="143348">CalculateField "Etude R&amp;E\Fossé - R&amp;E" SurfCollec 116.9 VB #</Process><Process ToolSource="c:\program files (x86)\arcgis\desktop10.2\ArcToolbox\Toolboxes\Data Management Tools.tbx\CalculateField" Date="20150518" Time="143417">CalculateField "Etude R&amp;E\Fossé - R&amp;E" SurfCollec 11.8 VB #</Process><Process ToolSource="c:\program files (x86)\arcgis\desktop10.2\ArcToolbox\Toolboxes\Data Management Tools.tbx\CalculateField" Date="20150518" Time="143437">CalculateField "Etude R&amp;E\Fossé - R&amp;E" SurfCollec 4.9 VB #</Process><Process ToolSource="c:\program files (x86)\arcgis\desktop10.2\ArcToolbox\Toolboxes\Data Management Tools.tbx\CalculateField" Date="20150518" Time="143457">CalculateField "Etude R&amp;E\Fossé - R&amp;E" SurfCollec 7.1 VB #</Process><Process ToolSource="c:\program files (x86)\arcgis\desktop10.2\ArcToolbox\Toolboxes\Data Management Tools.tbx\CalculateField" Date="20150518" Time="143512">CalculateField "Etude R&amp;E\Fossé - R&amp;E" SurfCollec 3.5 VB #</Process><Process ToolSource="c:\program files (x86)\arcgis\desktop10.2\ArcToolbox\Toolboxes\Data Management Tools.tbx\CalculateField" Date="20150518" Time="143527">CalculateField "Etude R&amp;E\Fossé - R&amp;E" SurfCollec 5.4 VB #</Process><Process ToolSource="c:\program files (x86)\arcgis\desktop10.2\ArcToolbox\Toolboxes\Data Management Tools.tbx\CalculateField" Date="20150518" Time="143552">CalculateField "Etude R&amp;E\Fossé - R&amp;E" SurfCollec 1.7 VB #</Process><Process ToolSource="c:\program files (x86)\arcgis\desktop10.2\ArcToolbox\Toolboxes\Data Management Tools.tbx\CalculateField" Date="20150518" Time="143608">CalculateField "Etude R&amp;E\Fossé - R&amp;E" SurfCollec 1 VB #</Process><Process ToolSource="c:\program files (x86)\arcgis\desktop10.2\ArcToolbox\Toolboxes\Data Management Tools.tbx\CalculateField" Date="20150518" Time="143622">CalculateField "Etude R&amp;E\Fossé - R&amp;E" SurfCollec 2.3 VB #</Process><Process ToolSource="c:\program files (x86)\arcgis\desktop10.2\ArcToolbox\Toolboxes\Data Management Tools.tbx\CalculateField" Date="20150518" Time="143643">CalculateField "Etude R&amp;E\Fossé - R&amp;E" SurfCollec 11.8 VB #</Process><Process ToolSource="c:\program files (x86)\arcgis\desktop10.2\ArcToolbox\Toolboxes\Data Management Tools.tbx\CalculateField" Date="20150518" Time="143659">CalculateField "Etude R&amp;E\Fossé - R&amp;E" SurfCollec 6.2 VB #</Process><Process ToolSource="c:\program files (x86)\arcgis\desktop10.2\ArcToolbox\Toolboxes\Data Management Tools.tbx\CalculateField" Date="20150518" Time="143736">CalculateField "Etude R&amp;E\Fossé - R&amp;E" SurfCollec 18.9 VB #</Process><Process ToolSource="c:\program files (x86)\arcgis\desktop10.2\ArcToolbox\Toolboxes\Data Management Tools.tbx\CalculateField" Date="20150518" Time="143754">CalculateField "Etude R&amp;E\Fossé - R&amp;E" SurfCollec 6.1 VB #</Process><Process ToolSource="c:\program files (x86)\arcgis\desktop10.2\ArcToolbox\Toolboxes\Data Management Tools.tbx\CalculateField" Date="20150518" Time="143812">CalculateField "Etude R&amp;E\Fossé - R&amp;E" SurfCollec 5.5 VB #</Process><Process ToolSource="c:\program files (x86)\arcgis\desktop10.2\ArcToolbox\Toolboxes\Data Management Tools.tbx\CalculateField" Date="20150518" Time="143819">CalculateField "Etude R&amp;E\Fossé - R&amp;E" SurfCollec 5.5 VB #</Process><Process ToolSource="c:\program files (x86)\arcgis\desktop10.2\ArcToolbox\Toolboxes\Data Management Tools.tbx\CalculateField" Date="20150518" Time="143839">CalculateField "Etude R&amp;E\Fossé - R&amp;E" SurfCollec 4.9 VB #</Process><Process ToolSource="c:\program files (x86)\arcgis\desktop10.2\ArcToolbox\Toolboxes\Data Management Tools.tbx\CalculateField" Date="20150518" Time="143934">CalculateField "Etude R&amp;E\Fossé - R&amp;E" SurfCollec 4.3 VB #</Process><Process ToolSource="c:\program files (x86)\arcgis\desktop10.2\ArcToolbox\Toolboxes\Data Management Tools.tbx\CalculateField" Date="20150518" Time="143951">CalculateField "Etude R&amp;E\Fossé - R&amp;E" SurfCollec 22.3 VB #</Process><Process ToolSource="c:\program files (x86)\arcgis\desktop10.2\ArcToolbox\Toolboxes\Data Management Tools.tbx\CalculateField" Date="20150518" Time="144012">CalculateField "Etude R&amp;E\Fossé - R&amp;E" SurfCollec 13.9 VB #</Process><Process ToolSource="c:\program files (x86)\arcgis\desktop10.2\ArcToolbox\Toolboxes\Data Management Tools.tbx\CalculateField" Date="20150518" Time="144033">CalculateField "Etude R&amp;E\Fossé - R&amp;E" SurfCollec 2.3 VB #</Process><Process ToolSource="c:\program files (x86)\arcgis\desktop10.2\ArcToolbox\Toolboxes\Data Management Tools.tbx\CalculateField" Date="20150518" Time="144051">CalculateField "Etude R&amp;E\Fossé - R&amp;E" SurfCollec 0.6 VB #</Process><Process ToolSource="c:\program files (x86)\arcgis\desktop10.2\ArcToolbox\Toolboxes\Data Management Tools.tbx\CalculateField" Date="20150518" Time="144110">CalculateField "Etude R&amp;E\Fossé - R&amp;E" SurfCollec 6.7 VB #</Process><Process ToolSource="c:\program files (x86)\arcgis\desktop10.2\ArcToolbox\Toolboxes\Data Management Tools.tbx\CalculateField" Date="20150518" Time="144406">CalculateField "Etude R&amp;E\Fossé - R&amp;E" SurfCollec 6 VB #</Process><Process ToolSource="c:\program files (x86)\arcgis\desktop10.2\ArcToolbox\Toolboxes\Data Management Tools.tbx\CalculateField" Date="20150518" Time="144437">CalculateField "Etude R&amp;E\Fossé - R&amp;E" SurfCollec 6.1 VB #</Process><Process ToolSource="c:\program files (x86)\arcgis\desktop10.2\ArcToolbox\Toolboxes\Data Management Tools.tbx\CalculateField" Date="20150518" Time="144525">CalculateField "Etude R&amp;E\Fossé - R&amp;E" SurfCollec 6.3 VB #</Process><Process ToolSource="c:\program files (x86)\arcgis\desktop10.2\ArcToolbox\Toolboxes\Data Management Tools.tbx\CalculateField" Date="20150518" Time="144546">CalculateField "Etude R&amp;E\Fossé - R&amp;E" SurfCollec 1.4 VB #</Process><Process ToolSource="c:\program files (x86)\arcgis\desktop10.2\ArcToolbox\Toolboxes\Data Management Tools.tbx\CalculateField" Date="20150518" Time="144605">CalculateField "Etude R&amp;E\Fossé - R&amp;E" SurfCollec 13.1 VB #</Process><Process ToolSource="c:\program files (x86)\arcgis\desktop10.2\ArcToolbox\Toolboxes\Data Management Tools.tbx\CalculateField" Date="20150518" Time="144627">CalculateField "Etude R&amp;E\Fossé - R&amp;E" SurfCollec 15.8 VB #</Process><Process ToolSource="c:\program files (x86)\arcgis\desktop10.2\ArcToolbox\Toolboxes\Data Management Tools.tbx\CalculateField" Date="20150518" Time="144641">CalculateField "Etude R&amp;E\Fossé - R&amp;E" SurfCollec 6.2 VB #</Process><Process ToolSource="c:\program files (x86)\arcgis\desktop10.2\ArcToolbox\Toolboxes\Data Management Tools.tbx\CalculateField" Date="20150518" Time="144658">CalculateField "Etude R&amp;E\Fossé - R&amp;E" SurfCollec 1.2 VB #</Process><Process ToolSource="c:\program files (x86)\arcgis\desktop10.2\ArcToolbox\Toolboxes\Data Management Tools.tbx\CalculateField" Date="20150518" Time="144713">CalculateField "Etude R&amp;E\Fossé - R&amp;E" SurfCollec 9.8 VB #</Process><Process ToolSource="c:\program files (x86)\arcgis\desktop10.2\ArcToolbox\Toolboxes\Data Management Tools.tbx\CalculateField" Date="20150518" Time="144732">CalculateField "Etude R&amp;E\Fossé - R&amp;E" SurfCollec 15.4 VB #</Process><Process ToolSource="c:\program files (x86)\arcgis\desktop10.2\ArcToolbox\Toolboxes\Data Management Tools.tbx\CalculateField" Date="20150518" Time="144819">CalculateField "Etude R&amp;E\Fossé - R&amp;E" SurfCollec 11.8 VB #</Process><Process ToolSource="c:\program files (x86)\arcgis\desktop10.2\ArcToolbox\Toolboxes\Data Management Tools.tbx\CalculateField" Date="20150518" Time="144832">CalculateField "Etude R&amp;E\Fossé - R&amp;E" SurfCollec 3.8 VB #</Process><Process ToolSource="c:\program files (x86)\arcgis\desktop10.2\ArcToolbox\Toolboxes\Data Management Tools.tbx\CalculateField" Date="20150518" Time="144849">CalculateField "Etude R&amp;E\Fossé - R&amp;E" SurfCollec 28.3 VB #</Process><Process ToolSource="c:\program files (x86)\arcgis\desktop10.2\ArcToolbox\Toolboxes\Data Management Tools.tbx\CalculateField" Date="20150518" Time="144915">CalculateField "Etude R&amp;E\Fossé - R&amp;E" SurfCollec 3.3 VB #</Process><Process ToolSource="c:\program files (x86)\arcgis\desktop10.2\ArcToolbox\Toolboxes\Data Management Tools.tbx\CalculateField" Date="20150518" Time="144936">CalculateField "Etude R&amp;E\Fossé - R&amp;E" SurfCollec 14.8 VB #</Process><Process ToolSource="c:\program files (x86)\arcgis\desktop10.2\ArcToolbox\Toolboxes\Data Management Tools.tbx\CalculateField" Date="20150518" Time="145026">CalculateField "Etude R&amp;E\Fossé - R&amp;E" SurfCollec 7.6 VB #</Process><Process ToolSource="c:\program files (x86)\arcgis\desktop10.2\ArcToolbox\Toolboxes\Data Management Tools.tbx\CalculateField" Date="20150518" Time="145039">CalculateField "Etude R&amp;E\Fossé - R&amp;E" SurfCollec 6.5 VB #</Process><Process ToolSource="c:\program files (x86)\arcgis\desktop10.2\ArcToolbox\Toolboxes\Data Management Tools.tbx\CalculateField" Date="20150518" Time="145059">CalculateField "Etude R&amp;E\Fossé - R&amp;E" SurfCollec 38 VB #</Process><Process ToolSource="c:\program files (x86)\arcgis\desktop10.2\ArcToolbox\Toolboxes\Data Management Tools.tbx\CalculateField" Date="20150518" Time="145113">CalculateField "Etude R&amp;E\Fossé - R&amp;E" SurfCollec 20.8 VB #</Process><Process ToolSource="c:\program files (x86)\arcgis\desktop10.2\ArcToolbox\Toolboxes\Data Management Tools.tbx\CalculateField" Date="20150518" Time="145133">CalculateField "Etude R&amp;E\Fossé - R&amp;E" SurfCollec 12.5 VB #</Process><Process ToolSource="c:\program files (x86)\arcgis\desktop10.2\ArcToolbox\Toolboxes\Data Management Tools.tbx\CalculateField" Date="20150518" Time="145217">CalculateField "Etude R&amp;E\Fossé - R&amp;E" SurfCollec 3 VB #</Process><Process ToolSource="c:\program files (x86)\arcgis\desktop10.2\ArcToolbox\Toolboxes\Data Management Tools.tbx\CalculateField" Date="20150518" Time="145545">CalculateField "Etude R&amp;E\Fossé - R&amp;E" SurfCollec 2 VB #</Process><Process ToolSource="c:\program files (x86)\arcgis\desktop10.2\ArcToolbox\Toolboxes\Data Management Tools.tbx\CalculateField" Date="20150518" Time="145622">CalculateField "Etude R&amp;E\Fossé - R&amp;E" SurfCollec 1.4 VB #</Process><Process ToolSource="c:\program files (x86)\arcgis\desktop10.2\ArcToolbox\Toolboxes\Data Management Tools.tbx\CalculateField" Date="20150518" Time="145646">CalculateField "Etude R&amp;E\Fossé - R&amp;E" SurfCollec 7.4 VB #</Process><Process ToolSource="c:\program files (x86)\arcgis\desktop10.2\ArcToolbox\Toolboxes\Data Management Tools.tbx\CalculateField" Date="20150518" Time="145725">CalculateField "Etude R&amp;E\Fossé - R&amp;E" SurfCollec 2.8 VB #</Process><Process ToolSource="c:\program files (x86)\arcgis\desktop10.2\ArcToolbox\Toolboxes\Data Management Tools.tbx\CalculateField" Date="20150518" Time="145758">CalculateField "Etude R&amp;E\Fossé - R&amp;E" SurfCollec 7.6 VB #</Process><Process ToolSource="c:\program files (x86)\arcgis\desktop10.2\ArcToolbox\Toolboxes\Data Management Tools.tbx\CalculateField" Date="20150518" Time="145856">CalculateField "Etude R&amp;E\Fossé - R&amp;E" SurfCollec 9.2 VB #</Process><Process ToolSource="c:\program files (x86)\arcgis\desktop10.2\ArcToolbox\Toolboxes\Data Management Tools.tbx\CalculateField" Date="20150518" Time="145916">CalculateField "Etude R&amp;E\Fossé - R&amp;E" SurfCollec 2.2 VB #</Process><Process ToolSource="c:\program files (x86)\arcgis\desktop10.2\ArcToolbox\Toolboxes\Data Management Tools.tbx\CalculateField" Date="20150518" Time="145948">CalculateField "Etude R&amp;E\Fossé - R&amp;E" SurfCollec 2.2 VB #</Process><Process ToolSource="c:\program files (x86)\arcgis\desktop10.2\ArcToolbox\Toolboxes\Data Management Tools.tbx\CalculateField" Date="20150518" Time="150010">CalculateField "Etude R&amp;E\Fossé - R&amp;E" SurfCollec 9.6 VB #</Process><Process ToolSource="c:\program files (x86)\arcgis\desktop10.2\ArcToolbox\Toolboxes\Data Management Tools.tbx\CalculateField" Date="20150518" Time="150024">CalculateField "Etude R&amp;E\Fossé - R&amp;E" SurfCollec 1.9 VB #</Process><Process ToolSource="c:\program files (x86)\arcgis\desktop10.2\ArcToolbox\Toolboxes\Data Management Tools.tbx\CalculateField" Date="20150518" Time="150054">CalculateField "Etude R&amp;E\Fossé - R&amp;E" SurfCollec 4.8 VB #</Process><Process ToolSource="c:\program files (x86)\arcgis\desktop10.2\ArcToolbox\Toolboxes\Data Management Tools.tbx\CalculateField" Date="20150518" Time="150119">CalculateField "Etude R&amp;E\Fossé - R&amp;E" SurfCollec 2.7 VB #</Process><Process ToolSource="c:\program files (x86)\arcgis\desktop10.2\ArcToolbox\Toolboxes\Data Management Tools.tbx\CalculateField" Date="20150518" Time="150138">CalculateField "Etude R&amp;E\Fossé - R&amp;E" SurfCollec 7.6 VB #</Process><Process ToolSource="c:\program files (x86)\arcgis\desktop10.2\ArcToolbox\Toolboxes\Data Management Tools.tbx\CalculateField" Date="20150518" Time="150202">CalculateField "Etude R&amp;E\Fossé - R&amp;E" SurfCollec 5 VB #</Process><Process ToolSource="c:\program files (x86)\arcgis\desktop10.2\ArcToolbox\Toolboxes\Data Management Tools.tbx\CalculateField" Date="20150518" Time="150208">CalculateField "Etude R&amp;E\Fossé - R&amp;E" SurfCollec 1 VB #</Process><Process ToolSource="c:\program files (x86)\arcgis\desktop10.2\ArcToolbox\Toolboxes\Data Management Tools.tbx\CalculateField" Date="20150518" Time="150223">CalculateField "Etude R&amp;E\Fossé - R&amp;E" SurfCollec 1 VB #</Process><Process ToolSource="c:\program files (x86)\arcgis\desktop10.2\ArcToolbox\Toolboxes\Data Management Tools.tbx\CalculateField" Date="20150518" Time="150323">CalculateField "Etude R&amp;E\Fossé - R&amp;E" SurfCollec 2 VB #</Process><Process ToolSource="c:\program files (x86)\arcgis\desktop10.2\ArcToolbox\Toolboxes\Data Management Tools.tbx\CalculateField" Date="20150518" Time="150338">CalculateField "Etude R&amp;E\Fossé - R&amp;E" SurfCollec 3.9 VB #</Process><Process ToolSource="c:\program files (x86)\arcgis\desktop10.2\ArcToolbox\Toolboxes\Data Management Tools.tbx\CalculateField" Date="20150518" Time="150355">CalculateField "Etude R&amp;E\Fossé - R&amp;E" SurfCollec 4.6 VB #</Process><Process ToolSource="c:\program files (x86)\arcgis\desktop10.2\ArcToolbox\Toolboxes\Data Management Tools.tbx\CalculateField" Date="20150518" Time="150450">CalculateField "Etude R&amp;E\Fossé - R&amp;E" SurfCollec 28.8 VB #</Process><Process ToolSource="c:\program files (x86)\arcgis\desktop10.2\ArcToolbox\Toolboxes\Data Management Tools.tbx\CalculateField" Date="20150518" Time="150512">CalculateField "Etude R&amp;E\Fossé - R&amp;E" SurfCollec 20.4 VB #</Process><Process ToolSource="c:\program files (x86)\arcgis\desktop10.2\ArcToolbox\Toolboxes\Data Management Tools.tbx\CalculateField" Date="20150518" Time="150543">CalculateField "Etude R&amp;E\Fossé - R&amp;E" SurfCollec 7.6 VB #</Process><Process ToolSource="c:\program files (x86)\arcgis\desktop10.2\ArcToolbox\Toolboxes\Data Management Tools.tbx\CalculateField" Date="20150518" Time="150609">CalculateField "Etude R&amp;E\Fossé - R&amp;E" SurfCollec 2.4 VB #</Process><Process ToolSource="c:\program files (x86)\arcgis\desktop10.2\ArcToolbox\Toolboxes\Data Management Tools.tbx\CalculateField" Date="20150518" Time="150650">CalculateField "Etude R&amp;E\Fossé - R&amp;E" SurfCollec 2.4 VB #</Process><Process ToolSource="c:\program files (x86)\arcgis\desktop10.2\ArcToolbox\Toolboxes\Data Management Tools.tbx\CalculateField" Date="20150518" Time="150704">CalculateField "Etude R&amp;E\Fossé - R&amp;E" SurfCollec 12.3 VB #</Process><Process ToolSource="c:\program files (x86)\arcgis\desktop10.2\ArcToolbox\Toolboxes\Data Management Tools.tbx\CalculateField" Date="20150518" Time="150730">CalculateField "Etude R&amp;E\Fossé - R&amp;E" SurfCollec 4.8 VB #</Process><Process ToolSource="c:\program files (x86)\arcgis\desktop10.2\ArcToolbox\Toolboxes\Data Management Tools.tbx\CalculateField" Date="20150518" Time="150747">CalculateField "Etude R&amp;E\Fossé - R&amp;E" SurfCollec 7.6 VB #</Process><Process ToolSource="c:\program files (x86)\arcgis\desktop10.2\ArcToolbox\Toolboxes\Data Management Tools.tbx\CalculateField" Date="20150518" Time="150801">CalculateField "Etude R&amp;E\Fossé - R&amp;E" SurfCollec 0.8 VB #</Process><Process ToolSource="c:\program files (x86)\arcgis\desktop10.2\ArcToolbox\Toolboxes\Data Management Tools.tbx\CalculateField" Date="20150518" Time="150821">CalculateField "Etude R&amp;E\Fossé - R&amp;E" SurfCollec 13.8 VB #</Process><Process ToolSource="c:\program files (x86)\arcgis\desktop10.2\ArcToolbox\Toolboxes\Data Management Tools.tbx\CalculateField" Date="20150518" Time="150844">CalculateField "Etude R&amp;E\Fossé - R&amp;E" SurfCollec 7.4 VB #</Process><Process ToolSource="c:\program files (x86)\arcgis\desktop10.2\ArcToolbox\Toolboxes\Data Management Tools.tbx\CalculateField" Date="20150518" Time="150901">CalculateField "Etude R&amp;E\Fossé - R&amp;E" SurfCollec 3.1 VB #</Process><Process ToolSource="c:\program files (x86)\arcgis\desktop10.2\ArcToolbox\Toolboxes\Data Management Tools.tbx\CalculateField" Date="20150518" Time="150917">CalculateField "Etude R&amp;E\Fossé - R&amp;E" SurfCollec 9.6 VB #</Process><Process ToolSource="c:\program files (x86)\arcgis\desktop10.2\ArcToolbox\Toolboxes\Data Management Tools.tbx\CalculateField" Date="20150518" Time="150939">CalculateField "Etude R&amp;E\Fossé - R&amp;E" SurfCollec 22.8 VB #</Process><Process ToolSource="c:\program files (x86)\arcgis\desktop10.2\ArcToolbox\Toolboxes\Data Management Tools.tbx\CalculateField" Date="20150518" Time="151034">CalculateField "Etude R&amp;E\Fossé - R&amp;E" SurfCollec 20.5 VB #</Process><Process ToolSource="c:\program files (x86)\arcgis\desktop10.2\ArcToolbox\Toolboxes\Data Management Tools.tbx\CalculateField" Date="20150518" Time="151050">CalculateField "Etude R&amp;E\Fossé - R&amp;E" SurfCollec 12 VB #</Process><Process ToolSource="c:\program files (x86)\arcgis\desktop10.2\ArcToolbox\Toolboxes\Data Management Tools.tbx\CalculateField" Date="20150518" Time="151103">CalculateField "Etude R&amp;E\Fossé - R&amp;E" SurfCollec 4.1 VB #</Process><Process ToolSource="c:\program files (x86)\arcgis\desktop10.2\ArcToolbox\Toolboxes\Data Management Tools.tbx\CalculateField" Date="20150518" Time="151122">CalculateField "Etude R&amp;E\Fossé - R&amp;E" SurfCollec 9.8 VB #</Process><Process ToolSource="c:\program files (x86)\arcgis\desktop10.2\ArcToolbox\Toolboxes\Data Management Tools.tbx\CalculateField" Date="20150518" Time="151135">CalculateField "Etude R&amp;E\Fossé - R&amp;E" SurfCollec 11.9 VB #</Process><Process ToolSource="c:\program files (x86)\arcgis\desktop10.2\ArcToolbox\Toolboxes\Data Management Tools.tbx\CalculateField" Date="20150518" Time="151148">CalculateField "Etude R&amp;E\Fossé - R&amp;E" SurfCollec 21.5 VB #</Process><Process ToolSource="c:\program files (x86)\arcgis\desktop10.2\ArcToolbox\Toolboxes\Data Management Tools.tbx\CalculateField" Date="20150518" Time="151223">CalculateField "Etude R&amp;E\Fossé - R&amp;E" SurfCollec 16.4 VB #</Process><Process ToolSource="c:\program files (x86)\arcgis\desktop10.2\ArcToolbox\Toolboxes\Data Management Tools.tbx\CalculateField" Date="20150518" Time="151244">CalculateField "Etude R&amp;E\Fossé - R&amp;E" SurfCollec 6.4 VB #</Process><Process ToolSource="c:\program files (x86)\arcgis\desktop10.2\ArcToolbox\Toolboxes\Data Management Tools.tbx\CalculateField" Date="20150518" Time="151257">CalculateField "Etude R&amp;E\Fossé - R&amp;E" SurfCollec 3.7 VB #</Process><Process ToolSource="c:\program files (x86)\arcgis\desktop10.2\ArcToolbox\Toolboxes\Data Management Tools.tbx\CalculateField" Date="20150518" Time="151322">CalculateField "Etude R&amp;E\Fossé - R&amp;E" SurfCollec 16.3 VB #</Process><Process ToolSource="c:\program files (x86)\arcgis\desktop10.2\ArcToolbox\Toolboxes\Data Management Tools.tbx\CalculateField" Date="20150518" Time="151348">CalculateField "Etude R&amp;E\Fossé - R&amp;E" SurfCollec 16.2 VB #</Process><Process ToolSource="c:\program files (x86)\arcgis\desktop10.2\ArcToolbox\Toolboxes\Data Management Tools.tbx\CalculateField" Date="20150518" Time="151405">CalculateField "Etude R&amp;E\Fossé - R&amp;E" SurfCollec 34.4 VB #</Process><Process ToolSource="c:\program files (x86)\arcgis\desktop10.2\ArcToolbox\Toolboxes\Data Management Tools.tbx\CalculateField" Date="20150518" Time="151417">CalculateField "Etude R&amp;E\Fossé - R&amp;E" SurfCollec 5.2 VB #</Process><Process ToolSource="c:\program files (x86)\arcgis\desktop10.2\ArcToolbox\Toolboxes\Data Management Tools.tbx\CalculateField" Date="20150518" Time="151443">CalculateField "Etude R&amp;E\Fossé - R&amp;E" SurfCollec 6 VB #</Process><Process ToolSource="c:\program files (x86)\arcgis\desktop10.2\ArcToolbox\Toolboxes\Data Management Tools.tbx\CalculateField" Date="20150518" Time="151449">CalculateField "Etude R&amp;E\Fossé - R&amp;E" SurfCollec 3 VB #</Process><Process ToolSource="c:\program files (x86)\arcgis\desktop10.2\ArcToolbox\Toolboxes\Data Management Tools.tbx\CalculateField" Date="20150518" Time="151500">CalculateField "Etude R&amp;E\Fossé - R&amp;E" SurfCollec 2 VB #</Process><Process ToolSource="c:\program files (x86)\arcgis\desktop10.2\ArcToolbox\Toolboxes\Data Management Tools.tbx\CalculateField" Date="20150518" Time="151514">CalculateField "Etude R&amp;E\Fossé - R&amp;E" SurfCollec 6.4 VB #</Process><Process ToolSource="c:\program files (x86)\arcgis\desktop10.2\ArcToolbox\Toolboxes\Data Management Tools.tbx\CalculateField" Date="20150518" Time="151535">CalculateField "Etude R&amp;E\Fossé - R&amp;E" SurfCollec 25 VB #</Process><Process ToolSource="c:\program files (x86)\arcgis\desktop10.2\ArcToolbox\Toolboxes\Data Management Tools.tbx\CalculateField" Date="20150518" Time="151713">CalculateField "Etude R&amp;E\Fossé - R&amp;E" SCollec_Ml "[SurfCollec] / [LongueurF]" VB #</Process><Process ToolSource="c:\program files (x86)\arcgis\desktop10.2\ArcToolbox\Toolboxes\Data Management Tools.tbx\CalculateField" Date="20150518" Time="151733">CalculateField "Etude R&amp;E\Fossé - R&amp;E" SCollec_Ml "[SurfCollec] *10000 / [LongueurF]" VB #</Process><Process ToolSource="c:\program files (x86)\arcgis\desktop10.2\ArcToolbox\Toolboxes\Data Management Tools.tbx\CalculateField" Date="20150518" Time="152606">CalculateField "Etude R&amp;E\Fossé - R&amp;E" SCollCumul 9.9 VB #</Process><Process ToolSource="c:\program files (x86)\arcgis\desktop10.2\ArcToolbox\Toolboxes\Data Management Tools.tbx\CalculateField" Date="20150518" Time="152626">CalculateField "Etude R&amp;E\Fossé - R&amp;E" SCollCumul 14 VB #</Process><Process ToolSource="c:\program files (x86)\arcgis\desktop10.2\ArcToolbox\Toolboxes\Data Management Tools.tbx\CalculateField" Date="20150518" Time="152639">CalculateField "Etude R&amp;E\Fossé - R&amp;E" SCollCumul 18.3 VB #</Process><Process ToolSource="c:\program files (x86)\arcgis\desktop10.2\ArcToolbox\Toolboxes\Data Management Tools.tbx\CalculateField" Date="20150518" Time="152704">CalculateField "Etude R&amp;E\Fossé - R&amp;E" SCollCumul 30.6 VB #</Process><Process ToolSource="c:\program files (x86)\arcgis\desktop10.2\ArcToolbox\Toolboxes\Data Management Tools.tbx\CalculateField" Date="20150518" Time="152719">CalculateField "Etude R&amp;E\Fossé - R&amp;E" SCollCumul 38.5 VB #</Process><Process ToolSource="c:\program files (x86)\arcgis\desktop10.2\ArcToolbox\Toolboxes\Data Management Tools.tbx\CalculateField" Date="20150518" Time="152729">CalculateField "Etude R&amp;E\Fossé - R&amp;E" SCollCumul 38.1 VB #</Process><Process ToolSource="c:\program files (x86)\arcgis\desktop10.2\ArcToolbox\Toolboxes\Data Management Tools.tbx\CalculateField" Date="20150518" Time="152743">CalculateField "Etude R&amp;E\Fossé - R&amp;E" SCollCumul 116.9 VB #</Process><Process ToolSource="c:\program files (x86)\arcgis\desktop10.2\ArcToolbox\Toolboxes\Data Management Tools.tbx\CalculateField" Date="20150518" Time="152816">CalculateField "Etude R&amp;E\Fossé - R&amp;E" SCollCumul 36.6 VB #</Process><Process ToolSource="c:\program files (x86)\arcgis\desktop10.2\ArcToolbox\Toolboxes\Data Management Tools.tbx\CalculateField" Date="20150518" Time="152827">CalculateField "Etude R&amp;E\Fossé - R&amp;E" SCollCumul 1.7 VB #</Process><Process ToolSource="c:\program files (x86)\arcgis\desktop10.2\ArcToolbox\Toolboxes\Data Management Tools.tbx\CalculateField" Date="20150518" Time="152927">CalculateField "Etude R&amp;E\Fossé - R&amp;E" SCollCumul [SurfCollec] VB #</Process><Process ToolSource="c:\program files (x86)\arcgis\desktop10.2\ArcToolbox\Toolboxes\Data Management Tools.tbx\CalculateField" Date="20150518" Time="153010">CalculateField "Etude R&amp;E\Fossé - R&amp;E" SCollCumul 49.5 VB #</Process><Process ToolSource="c:\program files (x86)\arcgis\desktop10.2\ArcToolbox\Toolboxes\Data Management Tools.tbx\CalculateField" Date="20150518" Time="153053">CalculateField "Etude R&amp;E\Fossé - R&amp;E" SCollCumul 45.7 VB #</Process><Process ToolSource="c:\program files (x86)\arcgis\desktop10.2\ArcToolbox\Toolboxes\Data Management Tools.tbx\CalculateField" Date="20150518" Time="153121">CalculateField "Etude R&amp;E\Fossé - R&amp;E" SCollCumul 56.6 VB #</Process><Process ToolSource="c:\program files (x86)\arcgis\desktop10.2\ArcToolbox\Toolboxes\Data Management Tools.tbx\CalculateField" Date="20150518" Time="153143">CalculateField "Etude R&amp;E\Fossé - R&amp;E" SCollCumul 4.5 VB #</Process><Process ToolSource="c:\program files (x86)\arcgis\desktop10.2\ArcToolbox\Toolboxes\Data Management Tools.tbx\CalculateField" Date="20150518" Time="153214">CalculateField "Etude R&amp;E\Fossé - R&amp;E" SCollCumul 66.5 VB #</Process><Process ToolSource="c:\program files (x86)\arcgis\desktop10.2\ArcToolbox\Toolboxes\Data Management Tools.tbx\CalculateField" Date="20150518" Time="153239">CalculateField "Etude R&amp;E\Fossé - R&amp;E" SCollCumul 124 VB #</Process><Process ToolSource="c:\program files (x86)\arcgis\desktop10.2\ArcToolbox\Toolboxes\Data Management Tools.tbx\CalculateField" Date="20150518" Time="153303">CalculateField "Etude R&amp;E\Fossé - R&amp;E" SCollCumul 6.2 VB #</Process><Process ToolSource="c:\program files (x86)\arcgis\desktop10.2\ArcToolbox\Toolboxes\Data Management Tools.tbx\CalculateField" Date="20150518" Time="153345">CalculateField "Etude R&amp;E\Fossé - R&amp;E" SCollCumul 149.1 VB #</Process><Process ToolSource="c:\program files (x86)\arcgis\desktop10.2\ArcToolbox\Toolboxes\Data Management Tools.tbx\CalculateField" Date="20150518" Time="153407">CalculateField "Etude R&amp;E\Fossé - R&amp;E" SCollCumul 38.1 VB #</Process><Process ToolSource="c:\program files (x86)\arcgis\desktop10.2\ArcToolbox\Toolboxes\Data Management Tools.tbx\CalculateField" Date="20150518" Time="153418">CalculateField "Etude R&amp;E\Fossé - R&amp;E" SCollCumul 44.2 VB #</Process><Process ToolSource="c:\program files (x86)\arcgis\desktop10.2\ArcToolbox\Toolboxes\Data Management Tools.tbx\CalculateField" Date="20150518" Time="153440">CalculateField "Etude R&amp;E\Fossé - R&amp;E" SCollCumul 122.4 VB #</Process><Process ToolSource="c:\program files (x86)\arcgis\desktop10.2\ArcToolbox\Toolboxes\Data Management Tools.tbx\CalculateField" Date="20150518" Time="153531">CalculateField "Etude R&amp;E\Fossé - R&amp;E" SCollCumul 182.3 VB #</Process><Process ToolSource="c:\program files (x86)\arcgis\desktop10.2\ArcToolbox\Toolboxes\Data Management Tools.tbx\CalculateField" Date="20150518" Time="153610">CalculateField "Etude R&amp;E\Fossé - R&amp;E" SCollCumul 164.8 VB #</Process><Process ToolSource="c:\program files (x86)\arcgis\desktop10.2\ArcToolbox\Toolboxes\Data Management Tools.tbx\CalculateField" Date="20150518" Time="153709">CalculateField "Etude R&amp;E\Fossé - R&amp;E" SCollCumul 196.6 VB #</Process><Process ToolSource="c:\program files (x86)\arcgis\desktop10.2\ArcToolbox\Toolboxes\Data Management Tools.tbx\CalculateField" Date="20150518" Time="153733">CalculateField "Etude R&amp;E\Fossé - R&amp;E" SCollCumul 201.5 VB #</Process><Process ToolSource="c:\program files (x86)\arcgis\desktop10.2\ArcToolbox\Toolboxes\Data Management Tools.tbx\CalculateField" Date="20150518" Time="153807">CalculateField "Etude R&amp;E\Fossé - R&amp;E" SCollCumul 210.7 VB #</Process><Process ToolSource="c:\program files (x86)\arcgis\desktop10.2\ArcToolbox\Toolboxes\Data Management Tools.tbx\CalculateField" Date="20150518" Time="153830">CalculateField "Etude R&amp;E\Fossé - R&amp;E" SCollCumul 419 VB #</Process><Process ToolSource="c:\program files (x86)\arcgis\desktop10.2\ArcToolbox\Toolboxes\Data Management Tools.tbx\CalculateField" Date="20150518" Time="153933">CalculateField "Etude R&amp;E\Fossé - R&amp;E" SCollCumul 457.1 VB #</Process><Process ToolSource="c:\program files (x86)\arcgis\desktop10.2\ArcToolbox\Toolboxes\Data Management Tools.tbx\CalculateField" Date="20150518" Time="154003">CalculateField "Etude R&amp;E\Fossé - R&amp;E" SCollCumul 635 VB #</Process><Process ToolSource="c:\program files (x86)\arcgis\desktop10.2\ArcToolbox\Toolboxes\Data Management Tools.tbx\CalculateField" Date="20150518" Time="154041">CalculateField "Etude R&amp;E\Fossé - R&amp;E" Hierarchie 2 VB #</Process><Process ToolSource="c:\program files (x86)\arcgis\desktop10.2\ArcToolbox\Toolboxes\Data Management Tools.tbx\CalculateField" Date="20150518" Time="154052">CalculateField "Etude R&amp;E\Fossé - R&amp;E" SCollCumul 14.7 VB #</Process><Process ToolSource="c:\program files (x86)\arcgis\desktop10.2\ArcToolbox\Toolboxes\Data Management Tools.tbx\CalculateField" Date="20150518" Time="154107">CalculateField "Etude R&amp;E\Fossé - R&amp;E" SCollCumul 19.5 VB #</Process><Process ToolSource="c:\program files (x86)\arcgis\desktop10.2\ArcToolbox\Toolboxes\Data Management Tools.tbx\CalculateField" Date="20150518" Time="154122">CalculateField "Etude R&amp;E\Fossé - R&amp;E" SCollCumul 20.3 VB #</Process><Process ToolSource="c:\program files (x86)\arcgis\desktop10.2\ArcToolbox\Toolboxes\Data Management Tools.tbx\CalculateField" Date="20150518" Time="154146">CalculateField "Etude R&amp;E\Fossé - R&amp;E" SCollCumul 41.7 VB #</Process><Process ToolSource="c:\program files (x86)\arcgis\desktop10.2\ArcToolbox\Toolboxes\Data Management Tools.tbx\CalculateField" Date="20150518" Time="154209">CalculateField "Etude R&amp;E\Fossé - R&amp;E" SCollCumul 7.4 VB #</Process><Process ToolSource="c:\program files (x86)\arcgis\desktop10.2\ArcToolbox\Toolboxes\Data Management Tools.tbx\CalculateField" Date="20150518" Time="154249">CalculateField "Etude R&amp;E\Fossé - R&amp;E" SCollCumul 52.1 VB #</Process><Process ToolSource="c:\program files (x86)\arcgis\desktop10.2\ArcToolbox\Toolboxes\Data Management Tools.tbx\CalculateField" Date="20150518" Time="154306">CalculateField "Etude R&amp;E\Fossé - R&amp;E" SCollCumul 2.4 VB #</Process><Process ToolSource="c:\program files (x86)\arcgis\desktop10.2\ArcToolbox\Toolboxes\Data Management Tools.tbx\CalculateField" Date="20150518" Time="154345">CalculateField "Etude R&amp;E\Fossé - R&amp;E" SCollCumul 16.3 VB #</Process><Process ToolSource="c:\program files (x86)\arcgis\desktop10.2\ArcToolbox\Toolboxes\Data Management Tools.tbx\CalculateField" Date="20150518" Time="154411">CalculateField "Etude R&amp;E\Fossé - R&amp;E" SCollCumul 24.2 VB #</Process><Process ToolSource="c:\program files (x86)\arcgis\desktop10.2\ArcToolbox\Toolboxes\Data Management Tools.tbx\CalculateField" Date="20150518" Time="154438">CalculateField "Etude R&amp;E\Fossé - R&amp;E" SCollCumul 52.5 VB #</Process><Process ToolSource="c:\program files (x86)\arcgis\desktop10.2\ArcToolbox\Toolboxes\Data Management Tools.tbx\CalculateField" Date="20150518" Time="154510">CalculateField "Etude R&amp;E\Fossé - R&amp;E" SCollCumul 21.7 VB #</Process><Process ToolSource="c:\program files (x86)\arcgis\desktop10.2\ArcToolbox\Toolboxes\Data Management Tools.tbx\CalculateField" Date="20150518" Time="154538">CalculateField "Etude R&amp;E\Fossé - R&amp;E" Hierarchie 5 VB #</Process><Process ToolSource="c:\program files (x86)\arcgis\desktop10.2\ArcToolbox\Toolboxes\Data Management Tools.tbx\CalculateField" Date="20150518" Time="154546">CalculateField "Etude R&amp;E\Fossé - R&amp;E" SCollCumul 78.1 VB #</Process><Process ToolSource="c:\program files (x86)\arcgis\desktop10.2\ArcToolbox\Toolboxes\Data Management Tools.tbx\CalculateField" Date="20150518" Time="154625">CalculateField "Etude R&amp;E\Fossé - R&amp;E" SCollCumul 63.1 VB #</Process><Process ToolSource="c:\program files (x86)\arcgis\desktop10.2\ArcToolbox\Toolboxes\Data Management Tools.tbx\CalculateField" Date="20150518" Time="154647">CalculateField "Etude R&amp;E\Fossé - R&amp;E" SCollCumul 50.6 VB #</Process><Process ToolSource="c:\program files (x86)\arcgis\desktop10.2\ArcToolbox\Toolboxes\Data Management Tools.tbx\CalculateField" Date="20150518" Time="154715">CalculateField "Etude R&amp;E\Fossé - R&amp;E" SCollCumul 64.8 VB #</Process><Process ToolSource="c:\program files (x86)\arcgis\desktop10.2\ArcToolbox\Toolboxes\Data Management Tools.tbx\CalculateField" Date="20150518" Time="154927">CalculateField "Etude R&amp;E\Fossé - R&amp;E" SCollCumul 40.8 VB #</Process><Process ToolSource="c:\program files (x86)\arcgis\desktop10.2\ArcToolbox\Toolboxes\Data Management Tools.tbx\CalculateField" Date="20150518" Time="155015">CalculateField "Etude R&amp;E\Fossé - R&amp;E" SCollCumul 233.8 VB #</Process><Process ToolSource="c:\program files (x86)\arcgis\desktop10.2\ArcToolbox\Toolboxes\Data Management Tools.tbx\CalculateField" Date="20150518" Time="155040">CalculateField "Etude R&amp;E\Fossé - R&amp;E" SCollCumul 5.9 VB #</Process><Process ToolSource="c:\program files (x86)\arcgis\desktop10.2\ArcToolbox\Toolboxes\Data Management Tools.tbx\CalculateField" Date="20150518" Time="155106">CalculateField "Etude R&amp;E\Fossé - R&amp;E" SCollCumul 268.5 VB #</Process><Process ToolSource="c:\program files (x86)\arcgis\desktop10.2\ArcToolbox\Toolboxes\Data Management Tools.tbx\CalculateField" Date="20150518" Time="155149">CalculateField "Etude R&amp;E\Fossé - R&amp;E" SCollCumul 8.7 VB #</Process><Process ToolSource="c:\program files (x86)\arcgis\desktop10.2\ArcToolbox\Toolboxes\Data Management Tools.tbx\CalculateField" Date="20150518" Time="155217">CalculateField "Etude R&amp;E\Fossé - R&amp;E" SCollCumul 297.2 VB #</Process><Process ToolSource="c:\program files (x86)\arcgis\desktop10.2\ArcToolbox\Toolboxes\Data Management Tools.tbx\CalculateField" Date="20150518" Time="155244">CalculateField "Etude R&amp;E\Fossé - R&amp;E" SCollCumul 301 VB #</Process><Process ToolSource="c:\program files (x86)\arcgis\desktop10.2\ArcToolbox\Toolboxes\Data Management Tools.tbx\CalculateField" Date="20150518" Time="155320">CalculateField "Etude R&amp;E\Fossé - R&amp;E" SCollCumul 313.4 VB #</Process><Process ToolSource="c:\program files (x86)\arcgis\desktop10.2\ArcToolbox\Toolboxes\Data Management Tools.tbx\CalculateField" Date="20150518" Time="155401">CalculateField "Etude R&amp;E\Fossé - R&amp;E" Hierarchie 2 VB #</Process><Process ToolSource="c:\program files (x86)\arcgis\desktop10.2\ArcToolbox\Toolboxes\Data Management Tools.tbx\CalculateField" Date="20150518" Time="155409">CalculateField "Etude R&amp;E\Fossé - R&amp;E" SCollCumul 6.1 VB #</Process><Process ToolSource="c:\program files (x86)\arcgis\desktop10.2\ArcToolbox\Toolboxes\Data Management Tools.tbx\CalculateField" Date="20150518" Time="155422">CalculateField "Etude R&amp;E\Fossé - R&amp;E" SCollCumul 1.9 VB #</Process><Process ToolSource="c:\program files (x86)\arcgis\desktop10.2\ArcToolbox\Toolboxes\Data Management Tools.tbx\CalculateField" Date="20150518" Time="155503">CalculateField "Etude R&amp;E\Fossé - R&amp;E" SCollCumul 325.4 VB #</Process><Process ToolSource="c:\program files (x86)\arcgis\desktop10.2\ArcToolbox\Toolboxes\Data Management Tools.tbx\CalculateField" Date="20150518" Time="155521">CalculateField "Etude R&amp;E\Fossé - R&amp;E" SCollCumul 315.8 VB #</Process><Process ToolSource="c:\program files (x86)\arcgis\desktop10.2\ArcToolbox\Toolboxes\Data Management Tools.tbx\CalculateField" Date="20150518" Time="155537">CalculateField "Etude R&amp;E\Fossé - R&amp;E" SCollCumul 7.5 VB #</Process><Process ToolSource="c:\program files (x86)\arcgis\desktop10.2\ArcToolbox\Toolboxes\Data Management Tools.tbx\CalculateField" Date="20150518" Time="155613">CalculateField "Etude R&amp;E\Fossé - R&amp;E" SCollCumul 386.3 VB #</Process><Process ToolSource="c:\program files (x86)\arcgis\desktop10.2\ArcToolbox\Toolboxes\Data Management Tools.tbx\CalculateField" Date="20150518" Time="155639">CalculateField "Etude R&amp;E\Fossé - R&amp;E" SCollCumul 11.4 VB #</Process><Process ToolSource="c:\program files (x86)\arcgis\desktop10.2\ArcToolbox\Toolboxes\Data Management Tools.tbx\CalculateField" Date="20150518" Time="155706">CalculateField "Etude R&amp;E\Fossé - R&amp;E" SCollCumul 395.5 VB #</Process><Process ToolSource="c:\program files (x86)\arcgis\desktop10.2\ArcToolbox\Toolboxes\Data Management Tools.tbx\CalculateField" Date="20150518" Time="155738">CalculateField "Etude R&amp;E\Fossé - R&amp;E" SCollCumul 407.5 VB #</Process><Process ToolSource="c:\program files (x86)\arcgis\desktop10.2\ArcToolbox\Toolboxes\Data Management Tools.tbx\CalculateField" Date="20150518" Time="155802">CalculateField "Etude R&amp;E\Fossé - R&amp;E" SCollCumul 421.1 VB #</Process><Process ToolSource="c:\program files (x86)\arcgis\desktop10.2\ArcToolbox\Toolboxes\Data Management Tools.tbx\CalculateField" Date="20150518" Time="155818">CalculateField "Etude R&amp;E\Fossé - R&amp;E" SCollCumul 4.1 VB #</Process><Process ToolSource="c:\program files (x86)\arcgis\desktop10.2\ArcToolbox\Toolboxes\Data Management Tools.tbx\CalculateField" Date="20150518" Time="155840">CalculateField "Etude R&amp;E\Fossé - R&amp;E" SCollCumul 431.8 VB #</Process><Process ToolSource="c:\program files (x86)\arcgis\desktop10.2\ArcToolbox\Toolboxes\Data Management Tools.tbx\CalculateField" Date="20150518" Time="155922">CalculateField "Etude R&amp;E\Fossé - R&amp;E" SCollCumul 1068 VB #</Process><Process ToolSource="c:\program files (x86)\arcgis\desktop10.2\ArcToolbox\Toolboxes\Data Management Tools.tbx\CalculateField" Date="20150518" Time="160003">CalculateField "Etude R&amp;E\Fossé - R&amp;E" SCollCumul 1091 VB #</Process><Process ToolSource="c:\program files (x86)\arcgis\desktop10.2\ArcToolbox\Toolboxes\Data Management Tools.tbx\CalculateField" Date="20150518" Time="160041">CalculateField "Etude R&amp;E\Fossé - R&amp;E" SCollCumul 1107.1 VB #</Process><Process ToolSource="c:\program files (x86)\arcgis\desktop10.2\ArcToolbox\Toolboxes\Data Management Tools.tbx\CalculateField" Date="20150518" Time="160104">CalculateField "Etude R&amp;E\Fossé - R&amp;E" SCollCumul 1145.2 VB #</Process><Process ToolSource="c:\program files (x86)\arcgis\desktop10.2\ArcToolbox\Toolboxes\Data Management Tools.tbx\CalculateField" Date="20150518" Time="160138">CalculateField "Etude R&amp;E\Fossé - R&amp;E" SCollCumul 1170.9 VB #</Process><Process ToolSource="c:\program files (x86)\arcgis\desktop10.2\ArcToolbox\Toolboxes\Data Management Tools.tbx\CalculateField" Date="20150518" Time="160159">CalculateField "Etude R&amp;E\Fossé - R&amp;E" SCollCumul 1215.4 VB #</Process><Process ToolSource="c:\program files (x86)\arcgis\desktop10.2\ArcToolbox\Toolboxes\Data Management Tools.tbx\CalculateField" Date="20150518" Time="160216">CalculateField "Etude R&amp;E\Fossé - R&amp;E" SCollCumul 20.8 VB #</Process><Process ToolSource="c:\program files (x86)\arcgis\desktop10.2\ArcToolbox\Toolboxes\Data Management Tools.tbx\CalculateField" Date="20150518" Time="160247">CalculateField "Etude R&amp;E\Fossé - R&amp;E" SCollCumul 1248.7 VB #</Process><Process ToolSource="c:\program files (x86)\arcgis\desktop10.2\ArcToolbox\Toolboxes\Data Management Tools.tbx\CalculateField" Date="20150522" Time="204759">CalculateField "Etude R&amp;E\Fossé - R&amp;E" Hierarchie 1 VB #</Process><Process ToolSource="c:\program files (x86)\arcgis\desktop10.2\ArcToolbox\Toolboxes\Data Management Tools.tbx\CalculateField" Date="20150522" Time="204810">CalculateField "Etude R&amp;E\Fossé - R&amp;E" Hierarchie 1 VB #</Process><Process ToolSource="c:\program files (x86)\arcgis\desktop10.2\ArcToolbox\Toolboxes\Data Management Tools.tbx\CalculateField" Date="20150522" Time="204818">CalculateField "Etude R&amp;E\Fossé - R&amp;E" Hierarchie 1 VB #</Process><Process ToolSource="c:\program files (x86)\arcgis\desktop10.2\ArcToolbox\Toolboxes\Data Management Tools.tbx\CalculateField" Date="20150522" Time="204831">CalculateField "Etude R&amp;E\Fossé - R&amp;E" Id [FID] VB #</Process><Process ToolSource="c:\program files (x86)\arcgis\desktop10.2\ArcToolbox\Toolboxes\Data Management Tools.tbx\CalculateField" Date="20150522" Time="204904">CalculateField "Etude R&amp;E\Fossé - R&amp;E" SurfCollec 1.7 VB #</Process><Process ToolSource="c:\program files (x86)\arcgis\desktop10.2\ArcToolbox\Toolboxes\Data Management Tools.tbx\CalculateField" Date="20150522" Time="205032">CalculateField "Etude R&amp;E\Fossé - R&amp;E" SurfCollec 4.7 VB #</Process><Process ToolSource="c:\program files (x86)\arcgis\desktop10.2\ArcToolbox\Toolboxes\Data Management Tools.tbx\CalculateField" Date="20150522" Time="205039">CalculateField "Etude R&amp;E\Fossé - R&amp;E" SCollCumul 4.7 VB #</Process><Process ToolSource="c:\program files (x86)\arcgis\desktop10.2\ArcToolbox\Toolboxes\Data Management Tools.tbx\CalculateField" Date="20150527" Time="153640">CalculateField "Etude R&amp;E\Fossé - R&amp;E" SCollec_Ml 45.30 VB #</Process><Process ToolSource="c:\program files (x86)\arcgis\desktop10.2\ArcToolbox\Toolboxes\Data Management Tools.tbx\CalculateField" Date="20150527" Time="153736">CalculateField "Etude R&amp;E\Fossé - R&amp;E" SCollec_Ml 453 VB #</Process><Process ToolSource="c:\program files (x86)\arcgis\desktop10.2\ArcToolbox\Toolboxes\Data Management Tools.tbx\CalculateField" Date="20150527" Time="153807">CalculateField "Etude R&amp;E\Fossé - R&amp;E" SCollec_Ml 92.7 VB #</Process><Process ToolSource="c:\program files (x86)\arcgis\desktop10.2\ArcToolbox\Toolboxes\Data Management Tools.tbx\CalculateField" Date="20150527" Time="154029">CalculateField "Etude R&amp;E\Fossé - R&amp;E" SCollec_Ml 4530 VB #</Process><Process ToolSource="c:\program files (x86)\arcgis\desktop10.2\ArcToolbox\Toolboxes\Data Management Tools.tbx\CalculateField" Date="20150527" Time="154043">CalculateField "Etude R&amp;E\Fossé - R&amp;E" SCollec_Ml 927 VB #</Process></lineage><itemProps><itemLocation><linkage Sync="TRUE">file://\\KLEM\C$\Users\Clem\Desktop\StageCA\SIG\Couchescrées\Réseau de collecte\Fossés - Surface collectée &amp; cumul</linkage><protocol Sync="TRUE">Local Area Network</protocol></itemLocation></itemProps><copyHistory><copy source="C:\Users\Clem\Desktop\StageCA\SIG\Couchescrées\Fossés - Surface collectée &amp; cumul" dest="\\KLEM\C$\Users\Clem\Desktop\StageCA\SIG\Couchescrées\Réseau de collecte\Fossés - Surface collectée &amp; cumul" date="20150912" time="17501600"></copy></copyHistory></DataProperties></Esri></metadata>
